FarmerID,Target_Variable_Total_Income
576972022499073,1262664
979235081831136,783439
176490610549774,742654
977021407171384,1297036
1334154133262320,1238435
232978933363017,829280
1151623140705580,1307201
1145445587728930,1308766
838736592512939,1324567
512185024289381,1315760
959662774652959,953565
1119215489983400,1229780
612915519262619,892925
1100341306743520,1164592
375258636396187,1215308
1002317573840810,1175621
215836884212044,818085
454501540780913,1016827
1126020787962010,1234764
889561728435733,2115769
348063355602404,611550
434323414334140,821963
1402829436195680,1003185
760885412020723,1281279
672223341502853,1339598
680375359154850,808905
738000815125977,950364
1039623907164650,1483956
686475604348881,1012222
305174732979207,785521
701977045555536,660797
692749271864674,1368451
1298632325692470,1326833
1111136531070130,1081829
1415065529871620,1141209
471830988990923,912161
199115132861843,754427
679242632724679,646778
444470215311160,753133
471896548045301,664019
522895580119157,642697
1254488846160710,1542761
952587675249407,1074446
693958850741197,1792779
335329470882343,850835
943834834957251,733006
772765354323816,872351
429503375048357,1115251
621440601050500,2353667
1060574840261480,1193782
400596875156244,865285
841571225242944,842384
968903334997303,792636
874163702402456,504638
1275880631214740,1616712
721308749757273,1616712
524591272188769,1335627
630030721470807,1307844
723246206471013,635532
192496347044020,634609
657805557721103,1419424
1167373565286260,1262274
187979551069763,1285642
232436397365600,1509889
675498510547660,13003416
281892343585890,800726
782335296268803,789729
999586902402651,789729
756634455526526,645156
1141831197956490,780743
934949248765364,1620830
1407332958994400,586163
1033167709731220,1158722
849546123162064,1156768
939027074166629,1156478
570835898720933,1165477
772595505561593,999554
153983702881621,1993388
827414654626527,1911865
1332916155282750,844503
327574536484274,1073822
915439355249740,918021
1108057912563460,1779650
432539167322500,828264
455099374677221,1276084
228716776945447,865190
402780470127784,862239
909092726062129,1087737
827349037963624,709718
884053782668799,981260
921391419857919,916709
1323160344298170,1113688
1360788953447300,1678603
245307675445900,1704445
403344136779866,807037
198952426007313,737895
325040955785020,867754
822546686278979,982605
446592963699617,565148
605163837866053,1626845
502084881735673,1451023
234383631319456,1102483
540208908188376,1047472
808504355067584,1975651
1040179830874080,1065325
318808181128941,1117904
910757402812381,1596822
1385696891562850,1286687
451532733602126,1259522
1223279364987810,1216866
944847939903863,1025690
718204895735169,857584
416285578388627,983365
597415186687421,999891
422668923255731,1062176
1167582224986520,6185079
765658654072904,818143
814294087129601,1060860
1045402208332480,998613
421019403518867,1165614
486026848766706,1253628
511481509379850,796020
714900727872723,950141
365483109762991,1162064
658699626063554,1660505
653650168919041,2075051
1159497774417970,603315
1268283718959330,811454
1057112468879560,724115
1028017889547060,718038
1409826618035990,1314376
294453042418376,1214033
716604423306947,1015180
524628294151804,1865601
403559736389370,1588659
1284431363738170,617357
376842587538427,615945
1390229991061350,799988
651146081716649,779801
497605001472113,782157
808665539736406,1468278
916362929373567,1125078
820583197628259,990869
1229831493150230,564911
1136282884538960,2589149
1336654576297100,1282801
1421202799754200,1516627
823315935351466,5862878
639400182541829,1693002
243659662225883,7606081
336822458218263,2069877
1118620506773230,1363559
482191620129233,3472894
805207631037114,7356562
254732514622311,1140554
209167448640580,2070907
241111786600267,4514875
1377525950691200,2499435
1315716422843180,1067639
584719780539467,6919176
902719574705937,1388866
1035117967627520,1154779
562495217365141,810537
322830989892194,604839
1190768201451220,1199750
880703112604094,671532
974011579590559,739245
487533667099494,2095393
521361040862391,2771515
477888324508204,1575192
356605954028197,900657
700446002497471,620220
322364660291821,649294
580700721758431,904411
397670055430830,938611
989197247937619,869972
1068245082132510,849677
1156236600941260,701281
612522903578487,818566
1276935853906770,783153
353607814126697,684146
416678740895801,1287977
546551326304734,1038389
1315511240443260,1287977
588527070760223,562470
1405011731001190,578228
965237607393026,998424
1190704112934330,1242133
448551361023149,1201179
1351795071377910,1163688
1336235347581190,1081326
1123799516302230,935389
664059946544990,1176415
467171586648701,1182125
882360385374794,1180685
689330949687750,938063
1115267339863990,1181332
1156705308411930,1178410
1061046820277310,1168332
1046167389071550,769321
255831652515854,694763
1144506920987460,676325
528242823685787,620735
570512939639670,680289
204616389810681,1135049
322194713103126,892412
1351749019694390,576839
467882878496000,591174
310346604975343,531107
1334507557899910,637771
425447988254490,1170397
982495016612570,1197109
320558194844831,1164907
1223910263813860,965867
848826713643224,613904
285981782541843,832956
325599525888351,1089139
170130285069346,682257
1094119731614810,799552
591182166173919,1047056
855717882414069,636232
1302310032059130,576278
1293098059288140,691775
643437935423966,705256
1133131878925670,527085
1344889723245800,769650
1390612651739810,761753
560360485966843,823331
1014760199482850,814529
229993618787430,1032361
263677966446886,1202822
1177191170574460,1144201
660266843461114,1149226
1274741465731000,1564516
995416873673641,796240
754430273239966,752604
596639716529494,631639
809668372255879,745744
290955922482113,1005988
789288136604659,1145475
899800388664627,1566036
448782654785809,1011139
693276302397949,1097455
522979996542497,965613
633346472378096,676026
1049692512679380,979044
876026746989690,851434
829030670165274,711530
261562403807939,813159
788002039357286,765951
760349583042767,777443
662525035051950,783440
422540409759541,868769
342021386004587,1193154
1275646083290090,839793
268373481035493,1239133
1396904277167580,804912
1381781060142680,816529
422869993971490,730491
1122190848294880,1146406
584110035521359,1105086
1076565823304760,734726
375104724148214,962878
371438925451913,818050
598945674250543,961167
858495498205726,1284975
185888980198510,1097903
671028044296919,1111256
1172814414776440,598840
624871392290597,1535051
1167935571125260,1204332
1380307909335140,700531
1215615264293780,795828
1276325599279810,826622
764545048744991,1350896
237559877481396,844504
213899072537217,509411
1031544558128160,900655
463041502451557,1442606
1120616873311710,894635
1421610258321080,591739
1142423665432200,717682
435592509793686,975958
459605384287373,517280
576370023227311,596053
895285540574037,510032
1258591689041270,608522
821603500963660,511147
511956336577600,506809
451685464932857,622026
226865113450446,693546
388860906478224,608962
874712078275591,1004092
362463291757961,489795
1058608130067320,676539
416549177918706,738558
792993174169300,648057
270938609283037,686414
1302039252374250,488736
1146235649030230,619259
176263432282414,616971
1096131981188760,486331
1177355695529740,499645
968304477519036,491302
272432144160729,518457
310422579621123,4884847
631742547976834,518457
585911757743197,487291
1011911059299850,700012
938704954589223,5006900
270359089022564,486331
1103180510414260,4991002
174125515453364,470112
906765352431893,724976
763509857335664,585886
174085545544361,724627
349171149230847,721046
1222539385636570,1020844
1250182992147410,487886
695087956410430,710268
622608557879344,505611
1065907546880830,592279
583232558625326,557733
545138174994701,566837
1394848083870670,501605
1411751285854360,690812
865523305529753,508077
859380227724489,800391
637611298980973,897121
615341533623123,830800
1323319279566580,1456491
761726321864456,801763
216311915284066,998712
1212467182453730,945667
1314079186451460,895263
781684748842531,1045567
1139197443403240,934166
960024354273286,956522
1387803883607350,1019060
772417425569339,1047664
329983050187920,786034
605555248127123,895329
668435627093056,887528
651961686320706,874853
1008112093823990,860953
1021940894886570,834549
1424674907249750,850690
423302579490983,867021
1314450369210760,636788
1222070761089170,870757
575497126458781,908267
1150456167178120,1047664
1218793040869250,582768
1127911655339680,925306
1291493422094490,976630
1051709575904650,2046321
443395833524350,732114
975578715641624,711104
1227709280230990,624790
443395833524349,692520
1425536574267720,1029175
819950782138357,774521
1248425479435670,775462
229348274935279,614002
783652059215597,654072
495094670359653,676434
1362003960130720,614823
405666915608200,625541
344857804107364,674321
525495156196313,619044
152601940477351,748441
340642086346941,625541
1136519648021980,764901
1017043074751510,627964
813372421806221,750971
493014410242140,669034
411462332035246,1375581
203250792869853,749469
1015783345904480,658427
808845357248464,709516
351428896160664,858581
517999258368057,1203697
786508513912543,1109084
1180748808540390,1370335
883556027234817,1393315
1135845748505710,678573
691630005771600,894413
356732829412061,814906
410138482811740,774923
182834533900663,904985
647721516254906,578264
729846611514976,501696
1403623114874250,581316
1344683659018530,1461542
851465380054154,1040677
1286416349196160,1301558
160025202828630,1257326
289853556030883,611114
1247876275215130,860756
514829593427350,1021070
996002701802776,748293
573472382211796,811786
327421779883401,770201
203030522309177,918918
957040619524820,1245520
1382730000043190,796121
753837860257909,2258155
237724426438684,1509229
1299344167433160,1300462
1353152094032550,896169
1108745774963890,784539
995656166509430,813979
492910172755596,1028537
263651668089886,584831
621673546441796,1680778
297857614091016,1695327
826854126690107,688275
1295440533039210,11805752
1023028147327750,607368
1048305380724790,649364
354001771790329,626180
1218977405436040,651393
334830405791190,625051
478842107705661,663973
807654085403979,516566
328910019583560,1063161
821036215261550,1186748
241835218096199,826680
1313871586077170,1131436
1169247534804180,1200419
471703613221797,1094514
171497011625950,854932
933328874367270,1382858
751128940321406,1022793
1196333598620510,680554
708019790704664,676752
688389840887934,857563
1170514467610690,864301
737265144016570,1096613
767214918506361,957840
669677262168067,1280442
476038080187816,1212005
765832815410556,1308168
1049183107190570,2183717
949669956600794,1032317
172395322752023,1033879
1287105334074480,672176
455839110727553,1020092
168255403040701,850213
654055639174729,753197
622334634486319,605003
700455754610041,912508
540607357858991,723946
650663759727019,740316
1136118124857610,742869
189820225917777,1541553
815554782207720,1285850
275147340120816,844328
990589705336131,940018
506747726017504,609475
1115865919147780,629852
389829416844643,633124
611251479938744,6441067
287422861526901,9125099
966084005197169,6427230
1053332197581540,634986
1066092375649010,929218
594092391288674,1367923
1176459141422500,1066394
435188009172567,572850
967678714345357,592106
1383257993574580,843615
645549215847867,949212
523459877691059,771987
1234752999038460,893760
637252093967841,658783
1171054073145870,969705
354592765226021,1001613
873242619010324,630024
920003499965947,599702
972278782771320,892556
652162458112413,914865
755371623714901,800805
628047536765981,1233438
481366324681436,953448
482352827461553,991794
200071205671363,1232767
857581205836479,1481482
485140297208140,1408759
388723324801189,1537023
320676180571411,1379774
831101859619619,980962
864228828787271,988231
290218116223914,1262631
1340745704181180,724185
785364632544959,1390475
180807392458366,933960
1003045383483180,527605
494554499570981,529773
1027101924391460,785003
1112101447654070,1126439
1231022833901030,864106
1069447749725460,905944
1140705337498730,1289098
895846599905609,793678
757196368753339,760561
585476515456644,910650
1352029879298950,715300
789022935707256,734503
199227737981991,798019
225390788350220,694671
605009704121499,821010
1226866897087930,678653
1082959911611890,1179962
916173754121350,875447
1266580268265980,681779
257387003420316,1700905
813707858471750,1391561
308466738503456,1499119
1137884327858860,1587987
539090731185739,1233804
471785656505934,1017048
296637608782921,1083009
1030387822287140,807850
596933056929954,933778
165909226069136,1122774
1141297773182110,933778
1304412394072250,1084339
485040324073364,811972
930476253749410,1246521
643079060139033,1108527
498034101781221,995499
1312103399595880,1265214
1392034057050620,1298216
561960513770563,952001
450063679190306,1012043
675529752385800,580099
666401204113257,755278
294801343045379,997733
1332709236419360,766893
1003372408761670,1306386
444552681008997,826570
760759808438607,1118147
351141666411704,1377686
232528450006094,2262768
1360133241073110,1151809
276051729242221,1161786
369280584260709,965745
721001456421894,702935
989588239004049,765654
1084176373827820,771359
1359549491570610,912640
1033744187219530,974771
1355114867965240,1021500
1050212923595250,1427991
175049598954367,724111
589983351135673,1063399
204364117280049,1207317
531329090000324,877548
1289238094800150,837732
780175916405824,1089837
1106486043368640,1034839
175200177485237,902184
412074919366349,934345
1248633022297440,820862
860943245338076,887140
1241367257192970,1007778
1069807354655920,1474583
1003880467092030,1339773
1181642722387240,619959
1043766018497840,941960
1100275183845650,871374
474906507932849,721302
770149426461507,950937
321050827792079,875020
1099835116777880,692434
961911312661036,626448
1155054762419530,642587
1315329550359720,516635
213314524270796,755371
1249062765748400,667861
670978562760710,878792
466839860650579,1026480
788037284170126,1023405
811820104246000,1404868
575738926289099,1484044
1163997269515210,1037417
390403212846037,848359
553864608056010,1003219
1112343296505990,962379
879804641844361,1129160
771347575725466,1259666
1285180028079850,1077683
1365930774513300,924161
388029110030410,789028
738424711576353,803563
1255649390301850,552146
1017215392348400,895124
598415240038090,688120
1085272738936910,843312
985941299215916,1259703
757634246654924,874271
1338554223293960,959385
828691629490634,578915
493382257777047,6427180
1292577940623190,607642
719202719431799,589707
1033774731137770,636898
361188174336334,616898
1209367639082550,704446
643484387431127,795918
962637142267216,802574
201489186450433,626013
1115627505146240,584021
625223431353913,1361713
1342342603272490,980575
886599729323183,600383
316503931312353,1519158
493126511802339,756539
443735689027019,968112
971360275971474,635824
220682755411706,1285044
791624313633947,663606
234055015147293,1255840
572752439796861,1504150
584004649752087,1237691
629891196022387,727579
187478567491526,949810
240673896179650,813186
671087709911829,772881
429377045053559,818474
827193751903430,695219
1317433855557690,834666
773362466290626,683387
872000145245886,939950
1242177484029610,1398302
479086127933234,995763
1111208382675030,839713
639956076150983,825337
540114369917900,831244
638279000305326,632698
153521388865054,880378
685998927127686,831244
490903397694026,830992
458907122490819,823543
397370479888244,632240
867778160196326,654819
1376156659919400,815612
1422820862482440,658830
760839291717659,858953
1020530245308260,930392
976477413567349,938563
473852378345151,1623864
1072909426873840,1847977
461061089699926,593091
1265275706263480,1042186
1400883720663760,1024354
319972056811656,1288076
1240072584923600,1415080
1131818979064300,1032949
489571693716081,1068215
520087395030581,1925550
162664514670359,1944579
553511517016771,1959831
319854617889929,2031977
791605213114621,882329
1303595206793530,597208
1178260773775780,644111
1412663980577100,639062
1026438149181540,558613
178256301488410,9278911
1387182846607400,602465
1109830325836140,620900
561509496819426,804997
477436568439213,705183
524660175524113,754737
747168802689367,1176974
1205713915657870,1145567
821559028311044,1251817
874746263177781,1299868
1256733234962660,1385080
575709970149303,1786346
1113505616576330,1221183
413904243063609,886570
650840587882763,1280583
1093409118471690,800298
1303295824604610,1105303
656876683240264,855608
520547730371014,773408
446113923250737,719732
1237246061874530,1138390
1326902896755520,947771
246553502330776,757270
344789976191491,743007
362340684999271,1400221
245589871770551,741437
523264449423516,1250391
958967980680607,1024765
1066359695850770,936590
586637851702701,1251401
319415832849843,1142101
944517896240770,1424425
371500115626599,1652080
1246165533712630,1252425
215590804642336,2814110
1257739901068850,705872
1063640057359220,1246771
311776374739503,1120511
554580320680546,823160
400415996201464,926688
212304869454729,1177535
1037932151331030,1049776
888103021989333,1376309
744571399010996,590038
974320326188147,1330525
1384330628240540,1374566
1200473974317580,670504
1288998954695260,1678725
636871023334521,1930982
433420310842673,1667346
275119642554714,2120839
202591225672137,1738688
154913529843116,1736407
882287343992549,1667438
1014375170279340,2155166
1381268619069640,1892339
1010906160832170,2242728
1230850697397520,1795286
1352925762682400,1719552
534742237956551,3801512
1230391834144650,1641035
787213685575169,1840271
815065920165803,1665600
603222040762584,2917176
980552639151293,1254143
604313440392547,1057390
208746091927164,1052486
309710402815514,1284849
1072574236935730,809935
547254132296927,809284
927211277937307,1469015
396932931094174,864213
1096210975308750,673443
1023535015683130,526875
454985364112607,1217703
418231486411857,616989
464339220809021,482304
265554916599063,1326652
1320848079620810,1785848
545227110420069,2473714
1222720989776010,875329
165468851704064,1084449
607959698098511,1050665
818394256288791,614001
1132255938927400,481730
223657673467864,765195
1220809836888960,969284
277901127887996,757991
856122507522699,641014
1033266472188220,911864
1104043746361650,780212
832379211644916,637431
1243059156482130,636155
671833863453317,785462
423610463691469,730065
1098268912200180,863001
1385716939913200,1783630
1256185495704680,1111568
885946782432489,1176827
394620551995870,714954
1243493449685810,1411241
792237310750946,523455
500158145724771,683111
333462335775400,647503
493089073331334,1023026
835350711163231,916634
1126708713623680,1090249
825810176656856,1072841
1359142955074830,799935
1033400517411870,858996
494097022712010,795273
657888839113521,835953
754776166664150,821790
490855919262650,863881
622782598581880,904820
447556855255571,1804540
1222494388951270,1642153
1378512876985360,1150491
735154315578270,1219822
481685603714757,1117041
294853166932677,578790
538630584219580,615944
1061980498143780,516092
670891336570879,1795455
294071266288709,1134377
1418606291767000,792615
225929199541814,752851
1186279926360540,1062996
452795410162059,1012988
175881568888944,1136934
711561501070666,1420987
655445056448254,1657958
642947868173209,1431393
999103531569411,1770053
569863478351269,1087127
182451897013457,1374452
346086264227143,1487610
1086829347028240,1463207
594904647975967,1223360
1247069447618730,1043417
239075920283280,1406428
552152779829239,1093245
1388161133029340,1753768
710326070933327,994255
1157594060880660,1076635
371374258375020,1062036
1207955475542750,1020010
735110321676910,717886
502365223347659,1197007
899179326889930,1186113
214061984106537,1025416
1033617186059080,1013336
988285952766390,874085
1248961883762630,515243
239932753507167,695791
1227415543189980,996152
667646560682184,1637223
1035867407443640,778582
1310823273992160,783345
1086398270385800,596602
360636618866139,917661
731568085583821,1116551
798785737732409,1031204
626151089244331,866381
989465792014743,1100966
616239464163407,999482
517674797734020,975467
627349270255117,1223646
619984279953724,1271478
981595530420499,6417687
180797215330191,555890
1259506574828850,710290
161100430897739,730521
623062047769159,725382
779347723954127,756781
224923035088393,820773
241815677508840,728315
1004584729880150,721495
604884633521440,720059
809790469734463,757282
995471213943793,922133
1224589011492520,938513
1021909449239060,793458
751222723854333,564298
905358127610746,1214863
1346585897996410,822415
486497707416387,794545
328283253563046,592736
1086689491583000,1157004
688310312068913,597356
733333581547303,960345
1129810711144170,1543297
409632045148650,807349
627637426329579,1490056
726277133415720,541799
726978337226634,1201122
1220801865437280,1034019
1292643264304200,807114
1209820547741140,891862
1103568412230750,1048517
777334888632193,894429
1209616416217260,8356072
1156534582260260,1143983
917237507169536,708731
405789113317641,785021
658960119600356,651164
494445613653357,1216921
832717485463281,1340849
1010079661459850,1391075
895584692193496,826446
1096856457221680,863913
176209533198789,1161656
243957137669307,5694479
231143169952243,990994
601667241803349,629972
1051993084608730,672626
896991457766826,1199150
294279007931290,1338042
1127525686868440,808890
850614941311599,544479
169103764017864,1772661
638017639364557,948460
775219468906903,739765
744691742304801,1086998
1415396438212980,752089
1023658093778540,869614
771302563254766,1183665
699826186831194,756965
731799971807926,1270005
1174153408756700,519402
1009838413144880,795424
255248517486681,784680
870172139710727,1056767
572801845454524,634450
1270004107411960,1750120
254360513228880,537615
1024847257340490,691802
869192475311946,1225007
193157972724299,854928
1361603993886730,1010128
537974563697037,923703
1128054072577000,1093226
143002493394427,884913
172779375228710,1114413
981366651537236,986378
1079456666862530,1004893
543723124087620,1134283
723943007295913,823758
225524888389776,958972
238934559889039,688829
1210137985932770,1416793
1047867063367060,945321
210631864495033,968093
675156801286403,952753
653089686400127,697672
957851066223223,787819
1137642031518970,895277
385331020598886,738986
955855663542044,990442
1029535020985770,728866
473003619525024,770185
955434903123709,1355548
1357551857152040,694314
580586494816969,1199904
488270518950374,970917
1157239174142130,661977
436921626224233,855012
453927103022190,716975
956602628823840,1054687
1355153749358070,1355508
1160013924946760,875905
738145271497539,801024
1134953735790110,1307706
290017838322986,988278
348126529938621,998898
172884210046013,2085332
1005119860778140,1663430
467428371744434,1977934
322200535125486,1082691
303983662269141,2170776
738348806525931,1289908
1227326960164530,1469800
1099135528903770,1350053
1273986869129640,769841
768505917005664,998981
320940372201740,1035754
1414292400393500,556919
895032450536490,1542742
1333615347764200,1175689
1137210523489630,665258
1390293340402250,851787
382158386760644,1160450
492464453009361,704925
1139640505454330,695076
1374155198451860,730806
153105002824493,691440
506306645043114,770332
821212513459413,1188917
613479548747631,787321
1031898368259540,1508468
1397069014242290,641158
920440380857850,752188
1052697621176300,497364
866025656062823,640026
655197395008403,764835
1046748540735580,914779
758064102058961,789161
1339117227868170,1135558
837198481391613,1894779
1033275255656830,2126622
978041113049633,1487773
1340632719992490,1488764
431255197586987,897231
748321870842344,888542
1059920434630170,1140384
1178963233793300,2022774
986708248636620,1384905
170654487173633,824476
951473349963071,992868
687772888202999,1076697
567602878389171,1045531
807180451551220,1729280
753646010239713,1613949
1086900268615330,1575833
578494308529940,1121402
621846673301134,1485248
412330842656324,1635087
537553598951271,796333
1100230242663620,786946
1341031929957710,788325
1231904341499040,778798
669673887563147,708153
726898665193729,631465
1414849953570160,1090819
494655016854819,875394
1375891728702140,1883825
928755794847217,912110
789544787044874,1092886
940062613479594,893592
1358048677746110,750330
223431173589506,764874
274028013950224,968643
898075955064564,958715
427504454474870,1087955
939683265959803,1379618
926354680616834,1073450
911512747898080,1503439
645874400197957,628634
914218235999577,451335
267563554055659,827635
706587199218446,576030
1079926755949760,618022
870077833636647,1030076
1216662722919110,600473
236065500438540,765699
258434480099041,841084
1167499596694430,979416
897936929120809,587262
236390740711699,797489
1297682479382150,748914
1304683711302980,679971
759824043496289,627400
1157131347348810,599788
977573992714057,1387106
1323774100249120,1075032
894538922895663,1296804
1165267944785560,808003
1337751009800780,935223
788227737899981,926246
1065005749813430,2230826
626530201788519,1212988
904213766096100,2230826
398767088815224,743263
1223721313945290,867909
1056193924046050,1048024
154521446832124,736423
506383529758037,571306
428831947999399,1348348
244526718680264,1414079
523112770025840,1130545
1187314863304090,795465
1201828444358120,936640
988789826093421,957406
621120411285946,1075303
163058738004549,534547
758692592547343,765403
713503309074683,558417
415128329924603,781763
731885956639466,600767
1212838842555190,765403
826239818416743,958762
264852897298481,828323
993082315977970,1090475
1167794190554970,1191054
1339963550150970,1254679
973821526027391,1369267
1132303643714810,954237
629895112318167,1006510
728129531335043,957983
1051854766681410,718016
653631221051107,752611
956530960412586,606611
1286227677724230,843234
1076726593336220,961553
157909881674011,1014387
647584620532017,715880
1182117999131100,869609
534536078090571,956705
718488306712221,783982
278625497313361,734144
147769268271361,751679
1104671835919310,843172
1242910530695850,865996
747009081404411,608451
1007942855703480,1087167
1064930839603040,741180
391482252527037,756061
1144272573446810,762366
211910745748291,802221
355864178737537,932365
1141890690513400,785338
1019004420818040,821101
1096653915891870,1239907
962513827412141,815944
660734754197854,847122
835278238807689,585479
1096646355144080,617766
769605606526644,631614
947117814508286,644009
1323564410696210,746035
191992699624169,1214838
827911860325403,1214838
168548063930927,1383914
1190118661561260,2142781
1210550937246690,1337403
418868996939037,2093791
228148312769237,1747242
1342220037114180,1547440
853986375245583,1194489
551998189994851,1020016
296275727138480,1567151
740060907880473,1150385
402205876848047,1333752
1328257687578590,582677
413461139046533,576479
392440159363481,1167933
1415111861935960,1075485
244295377583123,936970
227747954896321,1086458
673177301630801,822027
199297009952374,1002071
675029524213354,778467
789465045514687,746217
965544952057911,793011
1088423665909460,738360
148260836766226,734631
413129221486940,1209167
571667093222280,710041
679268277413901,769230
526049900606577,767622
1043062341078190,901289
959008124964566,680923
565856272505983,1236618
1334963510991480,837849
1000738791091200,1899361
869554903249384,1862175
815504549723756,1811950
811501613484766,1904001
754891047301996,1832812
872466749665233,2069112
793322500127449,2088689
1346270350904260,2088689
1045845464228550,1566939
615078362761040,1427053
914825244199383,731442
538849712222114,910132
1175382222313290,603948
1188147052705370,597041
892982492085303,807087
901341017322989,690010
654962735506661,1109646
652685830811690,600590
409652598749257,499868
1138897060159790,865362
757104062915666,1031274
775319329521283,672710
390099835909486,860250
311655810100251,560502
684073400355957,1805561
393416392917106,1147838
189933261377673,1440045
1084403209822700,1350054
665490961128440,1213123
416790072211771,1557051
869998343358166,1758320
703559822602614,1819605
1018782561543510,1935539
608943870715773,2092459
248522133997793,1968579
1329503944511370,1071119
1164881024329390,923640
760329095869836,1503746
594112714462977,926604
506632639192029,597453
643051070438279,1064167
718361806230219,777264
849112803293230,1064167
1146879773928340,1197255
859889184168013,1064167
895747058418920,710250
1306979105985030,1064167
408884606477856,892825
439440227235679,849159
1010252652747640,676929
1217921044161400,1038121
623405708651979,1316033
171469917423786,661754
990387851285813,1064633
998068670931933,1516963
1396984652693060,779251
182703549001746,1086849
964173265135664,1044850
223971088081441,1643272
981691190932417,1810832
185827892167501,1387356
817172275994816,549295
483502454132596,7357833
232676243074059,854541
637214765103984,943393
193036582722966,1010916
1173884589917730,581658
1116867860660840,804398
291755503082163,1157381
366552959811266,1230706
835368393092934,966325
778738041776720,835851
796246810031424,871038
1362538570002720,818689
329191975854109,744733
708763511433343,787600
470926764131907,1008452
598107397083239,1209451
643338614293311,1288213
597401509693797,1102922
370606715677656,1453901
1249109083093900,1516093
365532883258876,845907
407565871834196,1534794
298157867875309,1235158
251910294964141,1706860
623919448572416,1415721
968413031778549,1391031
854015894087169,904618
169759245069861,1644572
1137250811402060,895260
179466717560533,619407
1287461866943410,650281
673640881260601,1452750
287709827387603,1571445
1417958655102170,1162247
1302030335012130,1440010
893748436089519,638856
1062388667172160,893443
1275458247851870,436924
166210169362366,673695
829542365573750,450289
1267306196842110,768975
664830863685450,637361
1376630470906380,938773
1182501533718140,984533
941701348325963,1414780
681878333545800,1414780
155040795932609,1192388
210478519594500,612408
218419007216503,1134136
1194063204824960,523174
1018027320225190,771701
1007726568639940,1438884
179652822469623,1269486
749320853918257,1277906
1172004565057150,1401359
1093339648358130,958619
494655310140701,1430102
775572552295119,663547
717108251698337,811767
539960463928071,685955
1080218060600740,910200
214515479597334,1379089
1364940816065850,1132919
740965016492131,1426817
323976413917936,1385231
673559480708887,699052
362873838134973,1296999
338716449266780,958199
393427363865141,940193
1040344616311800,783142
1166414797038740,732621
638201682518343,1082102
1414729661011510,674807
680804209440894,1011419
1210720771693870,1239958
1058600973403680,1233638
594241390655161,1400062
949191461721424,819112
1282206199510040,599171
639686403710370,1033046
535512426898721,995732
164286297656583,906713
1084821057678820,956479
647627558917711,1045947
783587618875759,1392257
1194949779393140,1131655
1065613402468230,1225697
471694608905106,722295
1092168818492620,707101
1346116739538730,1097187
1358672885489140,616071
1047568941108050,727951
425017248451857,832842
1410761921450360,1601758
276138574709696,1112734
1353370360817940,1041007
763541526466230,1039927
531933945434711,1029455
1293344852212460,1500921
1199748975361930,1434949
286701435648631,2008878
1272206280859480,678223
668498331364081,656569
698554596740551,834849
365885908417674,749485
1206560568961310,567134
344840017068130,597465
1288025821847800,1136799
236142563279937,980877
1138702775803530,516348
427479000515253,975199
213278611519789,865238
372567266956913,864870
958438138904341,821505
933546088952403,896572
185117774192269,852749
1154973088938900,684888
1216027029212620,1534339
1286189086441310,731367
1036072288916890,1407081
1098035202022510,1268981
771904353590323,1526779
878999246554714,1172537
562260125322803,781166
988678344015709,1199670
1010059706143250,856918
1407495166381460,927024
912980168935083,1416388
557368017506003,866314
1267557488403360,980683
786555145609711,770707
1167233188871540,1292836
275841055795831,796376
1007836951177440,1067557
593599564035790,1177445
197030203144693,805280
974075493949190,1195310
1216183799576680,9386507
449926262224961,708550
645158121714661,1143780
977344546704406,704419
744996155172551,1070695
761338385462081,1245791
499578781444019,836375
1111921066867490,729573
1190460930929320,855120
1264207663190130,661553
762204586335667,754542
553230010458359,708789
1253099572821450,696597
1381511348971440,886510
274284021399017,676400
179507231744881,703161
1193421436227660,697155
819447372362356,837978
539976773072573,841287
162672342844624,976830
297336874289801,616389
1236447811185130,694359
332880479657873,696597
420659109446829,807558
1383616878090960,724379
1195868791497380,692604
1207619152451070,881776
1139649009146970,493476
505574061190541,454772
491320830819414,788633
893383557661121,863570
1038220582713800,876904
742379746134967,622010
903520926972846,818357
215307946051699,737200
1411456085900650,790902
834586805081509,580195
344055662104420,1505981
784776652904044,1454972
954751919174810,1451844
668398980966674,874844
511958852988671,711520
741225694854343,718566
470227418352689,1122244
240454984801573,817248
836250833791804,855183
351758815117893,1029107
547159439454227,1025937
945551783095944,922050
1379293362716390,1184729
558266291467934,826646
904070559654574,1234271
564641990092057,750731
411463140161856,482379
1211421312241890,739983
915858612162757,778689
1168416018704330,1217270
638852790105614,1517417
1010066570594680,1253764
1044355489852720,1391389
949197331194876,968431
1248856252096920,1543345
777834883565247,1422093
1242041548817110,1247577
1231638858682520,1103032
632110579841506,1044534
1411842829957330,1228276
353345605295574,583090
1417039829336460,807769
1061712189046420,753504
659590797339696,804351
1193276560993620,601366
306448398414781,681780
830663673241279,928601
721709656305014,812112
1215695756699800,593443
279852053173916,617121
345229751896557,639486
204360204495143,1160223
1214424695282500,1646908
336805050511594,800816
1085836601997320,944269
485328220222351,885482
1051991104699540,768886
442387605818444,1036042
474631963684851,1896274
911206242049174,2005138
364551396400033,1387445
483922041343856,17927394
568468446001030,1180743
186159571009499,694432
216025978913389,750696
977607827063060,647227
314886478649937,689892
1205569412746460,859291
757447901536007,1154298
1007647848749910,1584499
455214285759833,1401243
354192890307877,911988
550215765800384,717356
633849116340033,675016
956981317803297,1195548
240715306934949,606473
1302713613069160,991806
219915371912857,980015
175883437205054,842246
348649196116750,946345
357311285586136,854463
232740882073977,761491
763898014194820,586312
831020595727393,705778
1099799665412250,523103
1010583159679720,722741
465441337136291,1627965
1424525323596550,2116058
1167329175352470,1643612
1118073336283610,1356296
387417764099729,1187697
1192879094270460,1378563
519523696860167,587409
1375487624071470,875272
218647090138533,628367
970618481677741,766221
757661975965299,642942
992983237414047,546815
853810395795490,529054
721518578649146,661622
291962756702843,989834
833882821904446,4188437
1285501421969690,2416371
1175587796368990,1663573
201862623952986,997286
703777627907924,685488
339054872940783,584705
1151198715678500,722547
757010651680364,576042
179572254986719,604478
1184250673463210,640114
420938048037554,691038
194741149973659,842553
260775675595397,500244
1080619050309890,945649
1208794244331920,1495039
1043368790150710,893153
874330854721070,1659545
801822844991387,734654
730455958032306,893744
346612955614583,1377309
1097407809714840,1276964
675112799417674,1673269
1201444948015880,579954
1060893634015150,768347
521132562475693,730004
1334122173773650,859511
282623269860976,997193
793956672660094,702553
1099913124214770,1275912
352093674398609,911998
574788831625461,833881
669039875460754,830009
715888313333006,938333
657773897060401,1648297
412405134285733,1264724
903166860913059,1445674
1084876296505620,1249328
889127584387854,1060996
146024517474837,772356
973801790350484,853767
364392449007446,800487
910167220431756,1241421
1305596099265370,738786
1296209242783980,1291170
1327796062765930,1068961
1050202871615810,705394
1331320445948600,801502
610537992259121,883220
640409922568239,1006008
1274538434255590,962643
592547726932329,880726
1156972978252270,962643
686956464306679,863496
1339441574753940,1134482
294297879737840,1084200
1421490544081150,867522
1212046192193470,659218
1084484799328790,1041581
587379072881197,786477
494607220906793,675761
255629478840147,2022697
403856082365464,1460048
446496359553491,1057753
825278085799177,1171529
1108137234853160,862998
1387395131553990,991555
1075833804730330,706402
1163062100413450,1201284
509947875208380,1209578
273644010107881,811970
678508038156501,1501772
880824589112731,1443884
692923314862533,1475418
1236531722920350,1501772
1066724769200180,1955388
1089733211055250,1395264
733560544010311,1395264
316163380149767,932570
1346829638154040,676775
846017274504066,915718
328410992722304,4167823
400571941344530,3031147
1010657358448290,1835024
162176308434101,1524425
504187374936169,722024
784978541961874,666110
1298137464062760,809085
1002980141238350,1178256
1177238727236030,1153600
318868743601144,1346173
1366383709843420,741385
1208168920186130,1132097
1118724329544860,796494
251749813194327,840349
945854152491704,972601
1422142264910670,881131
1378377754439030,1343087
1236228552511590,1159306
887243398250891,1573825
1148709655735140,1249795
908027251851290,1337635
635061769747111,1751091
1230905983985740,564725
1144953681629940,974525
385831057972206,1284166
725172765321631,1155122
376136345995423,944406
858098718058403,829362
396900164794194,1605059
428849906824491,1289636
526198217081230,1420467
1347068398075200,1642107
892691118356970,1364943
261024578481554,727894
627071450193959,1016174
172802472834813,638626
592862560328817,1227451
513007421751914,723942
833783917985013,1257893
557084813662083,1306986
705973473757804,1607408
1132903756598140,1406736
262547141119237,1022905
473470172217394,919982
608881662549101,1641558
895235315031303,663331
1028573403456940,1213765
808564418857639,1035261
829084776132510,676323
446826845053804,570227
959399883406099,1086150
658175971048010,945819
867467198488934,800985
1036272709529080,884928
172361525604377,2030013
449961909959931,2850180
388741261634787,1604375
1039129865088030,1285047
1024144199396170,924875
798669144200066,979893
641749533922314,1598486
1113192480472090,668117
533506900977133,729904
772874954486086,746846
1032211782864870,700757
231734080414824,835350
511485293464247,719739
542059080845106,1266422
922712596020834,746499
593856355936569,1331238
893441445796550,1183495
1370529669322660,1339889
163359395494230,732339
236962426385446,1655994
1348458526765960,1518305
770239805198507,776345
990268705863883,578786
266826589662930,1083607
1262094046380840,715035
1027094996403630,601504
291858111759309,1276229
1117540861204520,666905
753016763205196,1631391
576312161671203,1094879
147617953127126,1109982
344864436806357,982525
492213512929113,872374
658705219835667,1373413
548306364272197,1260455
281922268926821,728584
1158083689533700,1060355
490913908431920,860057
403028933552017,8045919
225523488245217,799997
1037835754604550,950369
1371454144803980,814373
586276343546304,7991670
915312018216067,7991670
1126923550730750,7991670
728373180223030,787953
381197147125847,860057
423982832212964,799982
740449961367946,799982
158142209357887,799997
595663077041757,799982
173308464138624,880416
703556751120710,799997
367703885978727,800851
623778583016819,1173947
980288888310361,7991670
210103452243334,891866
880557927382210,728135
248824187565386,596805
393705499462384,515187
647448224242139,587905
520615462657823,723390
1039411213912170,574616
358011956797659,812804
169427998323340,644137
1024398524261100,724658
203790874997037,593971
1122287108350330,601853
846958567106961,733793
215698879504579,611899
1295292152399230,568907
375500693167496,904871
1417781156148170,613239
506272561839997,912650
741035629218314,1091025
854747124530123,1315382
1026005978247780,877058
691857930745746,1072160
582154154018337,974794
753484953880444,1028960
248093456837559,520820
566284035966693,939846
1308783003426780,1044319
486723717485377,894764
971682433659237,1041474
1369931421220600,797397
1123257929101650,1052341
1163029479731780,827757
780422385447526,749801
502078813958074,2085816
999427707794020,958146
267414440545497,1316064
402477005176253,675546
227370829202844,1633008
895343718200820,1348458
606897920394124,1340211
153360460370653,1089392
270916450514904,687102
942535021292841,1170673
258106232613471,777706
220482089238206,865678
831503674722897,830039
375151694167193,993245
1403071122927110,862172
889012109316803,671111
902670439073660,635366
1102262580078280,1073675
419808403150757,801265
413108476216564,1084643
882813155039617,637333
533730507161390,1149175
771350192057450,877435
271197802998039,1043571
1288141636086480,605797
477368975182331,911427
340435023617884,712726
232042644308939,1045587
1171212504592390,2856004
1338339275037380,1001861
302265334660117,861662
227189569900297,846816
428332341977096,1074024
165559210310639,927282
1360315666565580,760205
453474115242660,882631
1115931391678580,1695520
1277572831139050,1273348
1093364720715550,1083067
187002888650370,927170
553710779585201,942942
758922857009614,803753
969615116694941,876215
1389698922734340,725521
786433603113710,1084002
580360361962629,790037
487597925813793,932253
1179835432717750,770101
674828604956913,1080532
1073264362267120,742564
212777937269084,1034365
363465480621589,779182
199506295407550,581787
431005934821061,711428
182002473899199,797735
449452933885413,499997
1292239132224190,513489
764833581116066,495912
1182793266909170,911666
923224164965897,892799
602681205177087,584694
220782100951650,795520
387669695050927,751069
338678779775823,1114486
1225610311615590,1454794
648372897132443,903556
1205803132430050,1337831
247629162112653,1601718
1398829011386670,683032
254076821679917,525611
472524182847951,5451046
205761793850181,3892960
847528410012629,4060237
1155749224977670,1516063
455431187120801,2170987
205562938482899,604594
484150871175737,697044
911100660729133,1331239
644312128756821,816075
235887055775297,724827
696640458287563,1060522
253677478777221,792857
450128155030421,1040766
359522800352283,1627281
206103754927541,1024419
749686378728149,1531183
768428412820349,1282499
1399271404951490,1026382
257269479108894,1253326
726799308265723,1109009
1220480887047390,1011469
300185391124173,979232
423296791189530,1333413
242980571772263,1072793
945755969507561,932713
693760570198247,1413047
1325565797239570,2661506
448004334397534,1445715
900421025995851,841993
216926041422377,1025356
405534249044530,1788385
176137981563169,833724
189160962468510,985609
1201229603699230,976221
575681150885631,1040833
1302323412796660,1223274
488103650529903,1396823
1156840950216620,914952
1127125074153920,1390383
341417759851641,2052857
1216968758247150,1491040
704676210707474,1015355
331259200625963,907282
1048331828150580,983278
1031189231907940,695423
560180336872263,982053
988628895840291,922422
325029816519261,969624
1014685178012050,451243
1133041602392650,1353874
400083762101544,1021683
1074222255759530,939459
1141870746690830,866272
402918424352261,886214
1000603770266080,1092142
1354236987325080,818302
462544465071491,871728
356376661106491,2198390
1349985621717010,509751
305543039082109,812543
678863456747313,736155
390074854221876,739905
282294811963317,1026816
1052265104240440,1277427
634268666570807,1106935
700772889456029,505349
1277468421200700,746533
525281209562697,541969
758157678845826,1832038
153454832662807,1464838
214542708688324,1706693
1235888826954830,989778
949483223972003,958579
566630597449243,997392
880809831503747,910858
1087541307501480,1121499
1344274897617810,891450
1411373676188820,1022220
672652285641270,1034935
225372920190930,1399580
664350960128570,756408
1261496044161040,1186175
237235500758637,1315452
200807432945596,1054637
591058916584966,934415
432359269897421,1044124
1128547059610300,1031118
607357275518759,994390
383526197833790,1519924
1100459926680090,1057073
1383481537715930,1327477
1044602655504110,1184758
218912998834201,899822
875167496543864,706191
839462517725634,825604
1360927697497970,1093690
1134223336653200,823406
889163257295243,780663
1253024503090770,684401
1090137989864370,1004178
270826264480274,960136
388524620906897,777574
683489822730989,679284
1290292293477460,1838011
1087612441283260,1758251
556986066199131,1337557
317145378111660,802427
1118327968189310,1374165
1261258801486380,1337238
1203574683493950,1079880
1399348556883700,724430
549620758180029,854860
379940000709863,957407
971616983477520,764379
206877221630964,1277945
1196040197226830,1162003
354280601291000,800537
510891378764857,901151
163788260715357,927312
913055564833944,1014571
776287898431331,1237885
509145306672320,1784863
931422900356777,1483552
200931275510331,1280369
572211110529639,1222699
631360185916287,508296
1250408212071450,2387245
1232511150597450,852265
1074594643669920,1149843
885515688794776,1544361
1026140924118260,1992019
678514313399253,1702811
232929706123896,10485233
420789746644194,863014
156784242314997,998952
842251927111617,1331926
1172064650697250,844408
581184495269514,928027
1024504537987540,2454558
1422872032251010,2361998
661913990523406,577805
929078560263549,1354858
1125901462800900,796207
828797955908449,679676
507724421702796,690401
1002464305120160,688040
929102100203274,1546146
742986723532181,737195
1413706232465050,1184798
764999304077230,835486
1327059484533000,834565
533849839820100,881390
1353503655448620,971417
200782393887550,719684
255954889215037,616275
753138878517600,652837
186874412517187,760316
637397816789363,773690
586940423265730,790421
679762700881914,772619
734219653802209,802176
165285084149793,801869
1399814618157920,827707
550945665341111,942884
637840302429421,1212622
844129652460826,907658
378089375103824,1062942
952380439831799,1112684
423809976333756,1240124
413949919994780,1212936
235795917747141,1362632
693257959722063,858813
265474502737094,1039845
758732714321531,1241550
808886540937191,1145768
575667436668999,530279
1079155866839070,816940
1144647096046830,1549521
216910540477493,979321
604706451261134,579837
370682445676627,556072
470658650551511,997466
830577125153981,1178482
744186290582080,1603367
1153785038374410,1071661
916474189689471,1396226
426302501988199,737374
310370124461626,1066377
663318207963477,822968
1302101981466110,1314633
174774634072297,1359864
652331303104327,1290836
757464091706644,1520804
841003372297249,1135259
772027891616263,1002729
1285304784817400,891176
646554133789467,1187496
960707181490341,979638
946515502820459,1018620
932014518956057,634851
148276098204086,864444
1409374225750730,1048905
987522900608924,777950
749597451087743,763667
1171953566354090,852484
1404799866879700,1385246
315139734002950,808951
1416661496266620,1283188
1347348117305650,616457
897752954401600,909134
1206880768273980,1492103
1077394900615130,1140126
700411710118307,1061386
541373850491356,866129
307635264489167,1187444
396782608945511,845461
743703979802589,742043
1087880824104380,1254429
1205111732791180,1253171
1101244356760450,1231194
986951866559353,806511
423626634054286,802045
1242462388346860,1097331
331292668795189,840009
205760479844120,814894
1140488227429690,792330
940980205911774,1682813
1167891127822960,878851
415123126197431,885971
959711849512160,955629
1034901635837700,1043602
316237284875843,895521
1403444372859540,1427316
1424156036962270,1389426
469637722281630,845816
1077045354673570,1238468
1418426607273250,1314206
1359299373943140,2493192
619657453791924,1130252
293268014099483,681068
424504570219559,681068
353913852775611,622720
1199418159715710,750277
1421354344069380,704544
1083256310535220,809798
941687423998756,985485
1060048300163310,1483621
589235440363170,1768804
417561703238960,1578018
853938238884936,1163446
932851359138161,864978
229010239277129,630081
872492028579469,739805
1115747807480300,765892
267421541382634,696768
1286454713662150,717709
427206511788811,1071654
236601334420427,1490347
766240374616350,957090
1115566452662730,574412
869971904621194,742976
406891253829427,539595
1026260397286620,694652
483516973090417,700438
557031619889636,527414
1125769289819060,5974202
607653161827333,492506
296545749214913,739947
498814595290794,731764
206515336928169,1169640
313536416371493,1146717
287054166806870,515578
1389950987849320,498304
507162168113664,504655
539537738448647,640762
691404938959457,866419
635823270920570,684885
1282992416338940,2730108
342819489556151,1806498
646109103401034,1065961
477243931517599,724633
786299558370023,1167814
997709593101659,636066
810009336640976,681419
843792765763347,730755
1400627230568030,850387
1216768826669280,772521
1381168016546370,879461
1403331882954180,627459
856456419760329,728344
777619946219790,684009
541912703959734,693964
145289847693069,700367
937236757852651,824304
1004367456666100,874045
1199945605124790,1580534
395038192448060,1763689
1011195757406660,1283846
766986948132659,944212
903735370422707,727463
382059107515904,608137
1094207733637230,738645
146677336884527,619939
160392598404153,604455
194485336523950,822999
662700403502329,515535
1283355837503990,1087540
420056782072146,1180466
1245020678663780,960617
1335316522206410,891256
191563152451766,1472789
879822383266717,498594
493990262970349,1635353
818925607461267,1346172
358484538788326,1511267
177403425481321,1212848
694462322556667,1488983
442825058374344,751853
604325504805580,850394
735073985754914,1421770
148955111112793,1228466
883556303509326,890147
1355706770457120,973628
487781283921523,875099
1192084258642200,968827
1252772871555560,1095535
865182280478247,1400111
210986800662714,1181000
1202240613719010,1169156
735099355802936,1782496
669664584820721,1278378
478324983748396,1310090
1356949297177670,1322461
1199885619755900,1327177
513542054288363,1470025
430731682193721,1580688
181951003669247,1502866
1246514269698350,1274160
635785049491280,1056296
246403581031694,994649
673711796210774,749661
1152532211127380,882435
285300504107547,742683
985780819853206,799557
1158679163618880,781446
425262489927346,654018
679010210141163,825089
1322539907934000,1051747
847136676734599,901340
1355730079030230,882222
726015845230893,909822
1131000792891260,1142341
331063342415249,3358249
1016408637578760,1276222
1081128738686100,1333544
630780954033333,918785
375937487346480,1906882
1259697389129510,907171
188280696468449,1316136
1398707794710850,1542257
582381702910856,1856892
234661134869399,923998
974279349758213,1856892
1115926322408690,1277398
382817376459646,1233267
1167342818314650,962503
350573759766371,1390682
854911803420806,750484
1028967222225790,874658
1047598637353150,832277
504616039257331,875467
858129528484453,626164
405216299155729,618961
1278776258449530,593457
964319406379806,755063
349369338311743,857502
285547273303991,729182
176793125507963,1047998
297212592533889,658483
783613888068434,672848
147307376115014,959036
1413299729865350,993485
406249609487977,604387
257727156966904,729857
496743376953977,623733
739990250858029,1484216
1125651530572450,2137510
298750015615820,1355396
967040894840813,1355396
186832655174117,963740
325368718556349,1216925
1205282813721370,968944
1209019731367390,28980124
1238674471840100,1004920
428794529656383,1577386
671569120176857,962826
720930018088101,927808
456809851121519,11808768
862326174836786,2727450
1327301179937760,848516
868777323528249,586421
186848601271713,872278
462330428171301,942962
1407983512346580,970184
1242689030384670,871380
858607910798090,837728
1383537267653660,684761
156140652997309,579107
426330218649873,880081
762935078849781,616736
347721347971920,692534
323432448832896,532220
1277482434228680,604442
760651331215204,740049
988686436607147,2276808
756835677501523,1146004
649403315857940,855220
1325620661837580,647123
1045323417331530,683195
423027643015116,630864
443754081618261,630141
1320862067087030,652565
1220194847181140,929158
1070772760829790,1092038
1349591251932820,764207
883000161089944,888126
236163952525326,1094600
1268137293384590,751317
962349516041531,600437
899958919411147,901832
706433471469011,1706707
648815836814933,929569
351647788781550,1011326
858127721723940,941781
634559012314579,990865
1145187691223350,877729
655059703008243,890165
1167701306807380,997761
1126964878378280,1133395
733868207899166,1142996
576691871810570,1145529
386099987760003,818050
712662158675770,1459994
668752782020866,1130140
379158636075976,972084
206116682470204,9564423
744343363673171,1244566
989431838312167,1202419
604681714927696,1018356
734265691883530,883653
721053364394749,1107447
1001219468689240,773837
934816482005477,1207396
785937644482824,669484
676336670327556,616153
1149195779180160,814186
178929651927043,733660
828149657861417,810865
817366386177501,830822
484558940449703,931664
201288107788906,1014414
962619562385353,785913
1308906771398390,533205
891603988693231,1344719
793298860301321,1018003
373999861963209,1649965
389248538972724,1754364
1410931913051010,1542293
1209661126571910,1884522
441822383359049,2290016
1009062338390560,668005
343780263468154,803563
410188944120740,862759
1079248619213270,563265
846710494124283,1123927
403817374864421,1314200
1139162799112530,1161276
147787973400164,886794
940516003988010,939785
1104995876272540,796931
1168889687086420,1269216
1272709449879540,796931
834365743413609,711821
1114453709823830,789787
1275173351613000,826413
1012748071981160,912448
504911517368087,796931
611530492561983,746675
393456425003263,805965
604563642686916,801520
247611427983670,928104
493630369772346,962796
1236678403623380,785092
852629753243837,765661
825745742203943,787835
1256122654236700,1286747
410009990886973,922028
1279131962643480,1408134
631528756344259,716150
1185631856418660,838402
169529999052856,780951
717642628032736,808003
685592620633614,739122
1028036165741200,1242771
578582581569484,961082
681850126017819,862293
271651495585843,916398
1106649229932520,1749244
312109593182064,988880
342476282123789,528018
976980174238920,583080
997258622204773,575396
1023731472183240,858642
483406134232341,664721
645940586527330,914309
537066543060354,860878
683605726005143,1450420
1263828348085880,602448
1419273768421320,821641
1371359696732550,799888
486227609064309,623352
1242231291397060,1071435
1356372659628400,1234222
1333991241795520,922781
803749931773660,1448150
226657377722379,1149757
1191907454410120,968354
1394810556411570,451137
1174051184831710,1584113
1019529040974870,1470319
499204236680284,1021634
1343287894200880,1176781
1012091023606510,949508
1114625959345760,856298
1065940948706130,857795
1038020873167390,682648
302740527140647,1069951
800096967681600,947051
1122991889779640,927821
457904125000396,907814
1159261433090930,930374
1017315975536890,1135136
689237773426286,1134177
635142494735461,999985
628836302213437,1003187
980447133314017,1862247
850942606750433,1159959
489623425244801,1615108
927192292887606,1675660
343056396529656,1427392
749828468860376,1069751
562589048002537,1220042
634252815228611,1161981
904539240050864,780524
972321653820713,1021066
885900195717243,701708
717049067082244,695780
583778025445571,865658
170305795938454,761143
470158467567937,1212786
566701498612454,710480
923792004554881,738616
886831768635157,1076277
613353211008816,1017881
156948338569706,1617784
800014259589221,1347288
1036491171898540,1200729
882446328478647,1271765
1243212432684860,1441678
1417094193735410,640324
1276160063887460,738038
412154707513700,730956
876646607503530,725492
1114170380271520,832833
1193240218312610,1461921
404651007933254,967053
724426025326456,1576915
201592037982713,618002
1083405053893760,679467
302315475370789,673571
885283782485106,1003957
1354991873629070,956352
325381067118139,876775
960607799572490,1000368
558435866845394,832232
1162368805940210,777778
1244827615187110,830321
429637846089801,858099
1003017014516690,869467
555367630007933,988965
283598503011656,893014
1389950777721880,1559796
685382390777519,8340646
1251991178524700,1206974
1418317731540560,786934
370624127040997,956272
1279154421368050,762530
617399457534239,1034161
1237780412347190,882886
859843228381291,867068
600893513515837,605682
235579794195341,1117029
211319265358076,1176380
560123816206411,1171350
791883400901097,1028324
539655825083389,1169029
1124163239998540,1175063
264839606415293,1073870
1394681673408590,1048442
1380087523248030,889182
782353181143769,987691
1098661289038540,882384
752558382458940,874101
1120994652395210,1005454
499534796191651,1656330
1424409553315350,796611
1187106602172900,577247
1312138211078770,668222
889309485069287,795386
171598568558191,599236
508051651601669,585229
683956934238011,1355424
1074103553726020,1303534
1166563928277570,915434
1206748715081800,1063061
869699796126661,768028
1199703118684010,562736
212044840904576,623513
287886588677954,626355
246637316302737,728117
396386723860746,613760
605184641559261,648815
653128692289977,630238
598224662220901,905927
145333759524444,839193
494785795361779,750575
979639014274273,712171
1386735661299150,634610
1180834078214700,665104
848911865690777,654450
488481253106631,667937
1268529845756220,1369598
884009523300949,1016548
834625876009146,1117296
962173963027557,1626815
1110931591754650,1541004
237145879459854,1816743
167539329026327,1433038
410610533896357,1414124
1254703719530320,889704
563594703888139,1266534
1413122950201120,1466544
412168105921184,1131704
367060597164786,1265427
1351731737488560,1336999
1307818831690970,1152548
1155620976124360,670006
914169704831909,710492
1362553600346970,694283
586924093693240,876295
213204967452891,841048
922515871325364,1424056
308624309884616,895108
613442051646186,920750
892696177279774,1284308
524472043349926,699029
1237935703622370,827123
393369213139293,1224005
202152731379131,540888
702063957190286,807657
1063243801830400,759543
634530195910999,720521
342026284017519,710293
724525186368590,789670
1176213752937000,795027
389814534845981,1161636
1426998901734540,7980458
1071373498901300,2147203
1048366740960350,1339909
241522295607339,1113581
1038246428773510,1514553
416017482815837,7284815
1251720457968150,1416696
347718110707963,1069133
1405412047177180,1486326
980902185830013,1633859
618693652093191,1339465
657107358117919,1294948
288379218746647,947080
596851939741909,2821776
782073437305253,919752
1282065024965420,1183510
1252379697424850,1006578
982167119673870,1009306
818195243330054,631738
320543323881980,829800
566467581835357,512854
574815114571814,700000
665092472448026,774864
470468005033387,774864
1321822575162290,767806
869213077301697,471794
1059786927767030,564793
309189079237324,564793
960737630393331,780875
278740999272966,1213212
907766765035157,1231610
1176447467855820,1171085
989011628697044,794222
254624585368459,826842
152501342544567,998414
203432646641037,657431
475005754898853,706295
172349484081026,620256
946716379696717,849349
1001222428371150,1021690
1205442975767880,1715733
681557017759909,638375
270830961687501,1441189
771337505036114,1108152
1270001701395180,1945799
482181506094099,1852743
214726004805147,990562
970309440469681,954276
692932634370603,921003
942120944275269,936486
1153290786030220,623736
1310950985502820,848937
244467608446586,672827
178695737156174,685940
1030665040321160,701507
557982770125681,812564
355043510164331,913442
251280692346971,921292
1211863240998480,1176892
1238684683104080,1531601
190984845702887,509828
608233336693701,1246832
904632010947769,837943
1419673783851330,869485
616880602155197,661267
660734690893404,615740
236094700067150,1702426
400079785634601,855573
388446438022696,893822
1006257220459260,770215
1219450085403600,880619
258867689284889,1630968
179144979342131,1109642
495921008788333,728701
555363393892681,759042
497139036618597,1202628
1090552880060990,718953
1316855173844150,753781
972108446621180,660998
977528997541083,960488
256234474906721,1589964
620542250849996,1293958
1225162736811770,1724990
651303641101214,876434
317012377141590,1331934
351240552499830,1364536
1421449171041400,1357209
666879513312206,1280578
1269582516552010,1428613
535439891342704,1328222
1042219394478300,1331001
892061661639681,1395550
947045583238750,1315809
604359574178061,1350861
1324434206576620,1390099
1099285875621300,1320981
1186333516207380,1664303
858989283783870,1020419
673842321162209,670796
743310700073930,746367
603220010526777,511190
1036563009415370,1951717
483158612321580,842050
237981455355766,699052
349017777590496,567452
1423562599151830,600523
217900729832823,670235
994066876223684,778039
535214117290726,776654
1422608671927270,1268999
1167605462643530,910780
1235057593911450,1078084
641469859649166,1069759
890870216303024,788470
881662789039701,750065
1336991362067310,1074772
327595748972386,842721
877397977846683,878602
1350222823258810,1118849
570648620688433,580817
826832679902014,888085
310188696308353,682843
1332848404577520,1029680
258539939190659,743011
751683637064737,876584
344355698689160,780055
648114356675189,1117930
354009417092646,603907
783121143441400,804759
389365054750623,738760
1004506408746210,738394
983576623317331,747877
1066032671800770,1128383
435474376664141,1024738
641949349124030,1132400
267411563239269,1063429
622208978034796,1056982
217240518838911,1030833
495732796598043,984318
1361818666370340,984295
404458657551784,1133802
316560289493434,619319
1143588862964330,765104
707217467797356,900713
715859628725047,1102861
1105859851482320,583841
925676801397456,832299
821559158962404,1140569
500946343260546,772423
817362484985240,642160
519158854261939,888838
1381681212143840,1181288
952972174118866,914359
268120812953621,949907
1413295739653730,655893
379378828167040,665120
732964121684250,756201
440973832856144,822381
811243248429764,955617
442339733089954,850648
912073498507149,758165
461521019530433,728909
525823796827051,805169
490675887314293,706469
837004792676364,670323
762997206171170,812104
1245510145342380,1052037
1425290763713070,1495488
794509580527323,1400191
1334541377125050,864698
1418945518486350,1483485
476071926950850,770044
427419166446633,788433
261789337507934,1344220
434015623233387,1101230
458234140422157,1042971
912541172041583,1850235
1295726829811620,1667128
603613450474801,1342698
752655246774334,1282548
671226903424723,579903
1028850314560030,859362
1018901893805940,1431101
812541328553893,899741
1189841164190990,780416
640334800592676,918501
582884045488451,632410
390977601932750,730047
362714689183593,796604
199875433645354,909357
1214069289739350,1193983
906707543442507,878434
751831145094719,869786
300181064405337,884376
1229647707243770,857142
163849572793160,958594
681598036127509,819471
453405061831874,563873
1368055444224820,1371270
1046634693949070,789869
162418477419699,844685
807742645272769,877892
776229077814720,1158385
1348185453118540,742729
634056231312717,1100411
1363800561888600,1082628
574301131382264,1056839
922874400423806,1221102
973320803085104,1266740
1149698202556540,1067304
1375476940932450,1372653
178040204987613,1186991
1057448677225320,1075489
389804538574923,1116382
656872619777471,649938
842531168265454,818870
1056001979773840,816590
179106634805239,741515
910789700840530,773607
577451240246769,501780
373790164933831,696359
1009828860086610,793524
488960745830261,695302
700368339135154,600086
1072508333698020,629311
667051634375229,763808
1406657113841420,703082
345543529734131,697574
1387202590192080,710523
637167365367010,1736504
943662420006614,1214302
1295022249482080,785926
1150470930712180,805592
468780898142679,827508
207099685951413,1159574
923547179587834,1160117
663632857352647,657724
1286741899245300,1333367
1287626435186250,648372
979929867440569,1201964
773089343052934,456623
1163920698512140,528597
238457463821731,630712
426215779702803,480597
344749855851427,510551
383356703780446,462108
1017152623683750,831257
668225243305533,979296
293502749131696,999905
1377090366059750,1117243
465458002952846,1041055
1083423129403720,826073
761425936719540,717139
1390765570925990,543158
535246965257506,724553
772091595146766,569329
1105336568983440,993984
1184864808307570,1524148
649774260754037,611261
1249829293692350,665190
930102482091837,1429335
415316511404393,1672994
566841357862404,815812
1211639705898690,821215
329478559740557,562844
1249110923374560,1492105
382295041216987,1529958
962957693462093,29385482
282751520877837,1580701
583084939242993,1547820
748795204965541,1496412
786942601586377,1943129
159135329969237,908466
1155479398586320,1021227
1260897764840980,1024215
707320204313584,594912
430923994704703,595516
807036491437641,677733
1131448981158830,932204
1024775288618720,721385
502209587494511,598548
933150417521953,587910
1133855102693340,1571507
1422645101732540,1763864
566324917144109,1771511
378166031242417,1600263
230768558064759,1820754
1095977294166980,759692
1258109887136550,815848
1048504482496100,1062349
324529729508804,1216711
1308997680805440,829265
1351779026969100,1071597
254438305498117,1032252
284756295572643,1002536
244386249066171,1105563
576475572330517,1053538
1396771973696350,1056384
1370785960427410,716581
472048010728177,977978
463662341132951,573630
204245623236354,1089535
1421854677076680,1159849
1081658269548030,736652
1052478363997040,852530
900811108588304,1147732
1300804012693270,1078723
329532207172350,1623744
816225315981661,1127176
953234640196210,1102348
336474294906881,1161555
387625360899429,1314234
374614630829413,1178477
442702979160130,1766563
420236144358907,874825
1075752613526870,748265
647804155595653,784058
194020458163353,794790
536588450219360,1671087
1182098755929480,2359545
1347053236789290,1932403
1236960778320070,2515884
1263554290867670,2746615
1286399321419420,978474
184690582382214,1324529
1050026960691150,931489
357867698204329,1236284
1077017231046350,641847
1288046068074830,897072
1013865331875810,924673
423299092398909,653772
406619123245496,760195
598952131535409,633046
515007409982346,622813
614234451196716,760089
387932447270406,1487837
1189294542455300,589163
901731771423354,924779
517758841598699,655538
1034636944244930,513116
660021172634563,916875
1015171265684530,842190
156912500337419,721740
196395579284950,744721
1216748097206180,665484
673931609463473,791028
1300661446166440,746771
193685044243187,862134
528981652839006,970466
1158377897889130,1485186
738873123755199,1222238
913118832304954,1078313
521363919377033,1108006
344204923847721,1013961
1054967105056640,804255
266803317511690,934115
789455603023830,721438
210967210939919,787795
747243272366041,727238
1384758386431410,702214
1081962880971550,917669
454923005283137,714462
1180944569032220,1309759
1299761537290590,1208341
588517943130324,878212
511846106310391,699571
799726638948324,697710
461446214013624,725017
833322625366856,736360
1095818860557230,1005448
788985294420413,1285255
876410496070134,512039
1209145039742360,636265
353542624457074,664157
1202357079342520,1511154
1216805907067460,1020200
1362954711387850,990594
649602327075466,1510727
903228453997667,1414577
937757604277379,614128
313206454453229,842877
1320634483403610,1460127
1129086021017870,1151405
717173296594896,1319235
599512610077811,1619918
1109878775989630,496161
1397374443340670,845911
465922963670830,832727
290597645565729,772969
1310265625055520,736493
1064890518809960,683758
490345195705253,776304
377961710582473,883124
1142486571763300,630465
1158703560799890,810680
869143989422663,725829
1063190396707340,958007
767366648250804,876978
1423468897741100,830832
967804150428393,1661310
742542008402443,803393
1213164370793150,787263
1104046298413600,1751470
290150556094317,527516
622990996045030,532372
1153844109356420,616294
749492981101166,1252170
542653145507049,829386
378132032293454,789070
175958457009749,762902
712790424378021,1005207
330989684167716,923341
272481387400264,759204
1423716455637850,778668
1278706499412890,830352
1304888493852710,881808
145855306343996,883484
677924498369053,975783
1011918503395790,1325238
455597930688409,794305
1149314305164590,973647
633886759275146,783720
1129054716580540,1150504
516046754310013,868988
729674416235836,782921
468144667369974,777456
702308786183001,916488
747911256721461,1457227
533448685466283,500138
273555147588749,539294
1353367959911570,777154
300548134485613,1170224
1143986592450590,674935
194239241055580,803459
266423872282224,980271
1272071813924830,1240066
907246822502383,639973
607960319320090,605969
1313642564770340,871480
462071796913633,1786774
427904462881914,825454
1218385550644170,1015808
302756337304304,1023378
1288690690390430,1086445
452368976208487,669737
419379655351104,1027499
450516289676696,1759724
156797029031416,1237441
156272778744150,1321678
561154439214031,1436281
286477782729077,1250383
224587343134614,1499388
1422473772637590,1035717
195261185983916,714905
1231871090135970,1427176
475266900538083,1450198
624038268387109,696713
531153043735823,806145
330386755905370,814587
903055243503940,797980
1258248650860740,1766934
267469098092339,2043921
449791323674927,2343318
1331895839010830,1502314
1334637646031370,869019
582883668463520,1773372
421632010974067,668286
964437991596759,1404018
822941525110257,527790
379774396053206,716584
484114134111084,844212
948350088611421,893518
413849136551540,1358046
250445524803786,840368
1027620136647610,846815
1420119457368900,1049181
1272854430742910,1473273
1081766654870920,2839561
1060479066622100,831487
169273235186420,910636
512825142291221,1501719
259415756756851,1578904
708326129189349,1523536
766702812556483,972953
1334286608688230,1549825
1227106672029590,790887
977475118949010,990747
1394745394086850,632647
985630301732031,660741
998458612679060,724417
336159712674921,504674
739319709770819,896376
656600910121777,831600
498075529959107,1023439
459643909713286,841927
583418590235010,887779
300566884197916,824891
242755080254219,1171436
563560250074707,910491
956473387610254,799507
762038899749479,811780
181209577956761,907138
596395162373111,1838258
428979224100677,865461
381576400277234,1542144
821496456866773,1071735
450350848221173,1552082
147892133685393,2622251
384299448361123,797312
1373137923038440,1038935
213076339531687,1329479
1260795931302880,762378
682694668660233,1084902
757669101954656,1120967
1003414196570990,1213953
260516983955429,1151416
1055081556015440,1424885
1180858527253190,1140522
241454278773759,752435
1388099292242100,815773
267783636126979,1378388
1252752074486550,875574
1103366199002990,1180875
826135373617043,557252
163162510190680,645824
1063805406116520,908810
893235155253587,1075783
630440380347720,825798
1006857235001520,921505
942229878966551,961286
407401010963836,1406769
1422209879700850,1636006
224740067523864,1643508
635795841479506,1150427
1290667280483910,1118081
212936681471673,938399
495776911668871,1068051
454446317921357,1219230
979600476155414,2241080
750530944277311,2251171
310978384243019,859456
1141808042050190,814157
391345029741843,606837
564982994778296,767743
566045685551197,897392
1370165245786900,981128
464692112818830,551171
1400409763477910,795915
316463346950803,729254
1092897334703190,500357
807062802928936,749901
815874133827439,642879
832989539947459,617156
642701411167949,883792
415243471150209,700130
581776527150496,654424
1012575686202590,675245
286734165850000,823562
1243804099349890,901043
1246922909156500,1000496
833139433152384,898479
1027359709750100,1633554
217811343578404,753596
796251603370589,1399036
557568274325223,1822222
868700967923344,521867
596266552565886,668087
979310565627853,962168
577787327611749,1148892
1064662597119250,947893
603518356605646,943324
1046628942354050,840686
1412146865758100,939392
320657154392844,928280
1266449835267550,694777
1344492168216200,933554
1091251051212870,1018034
382543908925661,1041864
750055204131243,1161694
660093635153679,831297
1215389081338580,1325888
150965581781143,855729
583772442974457,1002728
396881752021440,828578
1033115546510630,789702
1145087299686760,1886258
184440728314476,1286402
670674636464046,1189105
739196695913963,1209716
502476750263433,2184984
383487349210970,1282527
152108550861320,2793393
1350356903908560,1311439
1247611791158930,1231791
1414575231339310,2663873
848751698336350,1424019
1396975324608510,1450470
1031584269020240,679080
844446608093639,1770182
1352516332522540,1835232
732597058825264,1446250
735071507364484,690057
764461711979386,1434590
1092791306849680,1569278
1313753692530970,1184709
371528226305277,877572
406705363780281,1418388
829751286299576,1203824
267487780802317,1852484
804426456412559,1305181
961248899125229,1356501
296307675691110,1058906
490716314934639,1413622
1089827243899250,1017751
1078827864197570,674040
1013168564685300,1566149
465147261032896,1445455
1010252169096940,1158093
918831047890379,1164635
1358059692811740,1445259
233266060017387,913336
1224590770367120,854228
466342824400939,862368
880571339738783,996302
309255154811266,782916
1160905288780420,887304
749800006954094,1348351
344303543692441,1442548
554208057924717,1384652
1267585420014490,674036
441464460508854,1011275
637251759076567,737705
1238999116640310,2113473
883599556076266,693654
227522593968159,1365915
1048271992189490,2154588
839296733289137,1701073
379564773891306,1678955
980114616813864,1466815
835917077875221,1037586
197268884614633,802188
1233785851891010,2357346
565458306524179,1791947
1426772294357120,1183215
419381891724199,491382
1010192717706600,607416
1384505778637750,608243
434161187077887,1031041
206769738255916,1231417
1381558911552650,783688
1167582331134560,667428
1217209228289880,1159973
589355747050117,1403960
210359830421880,911488
780120006296907,675591
1073507218283700,625587
587428882309824,1142773
793753881338191,638181
1344564000831850,709137
860764450431499,698014
792197863848407,739610
1246200862911470,877996
1084220039550660,669592
844187829913496,657305
1221662732372440,693982
821883194986139,787267
346237495974876,680437
523862465417847,750000
1325207561572760,540056
213781824076107,614254
256048702497464,565293
556812297526977,1089902
799489379870353,1320765
830781996747213,1104258
1040458028487600,817467
163976477492670,1118621
609667761476717,800337
977994251042173,512492
878187875849994,584183
1096742227941750,1147288
274559309917683,1309074
335108949278557,1103178
344290163986669,971679
1337646017918690,898413
831060434797447,778213
1165823571285050,971642
326927373601044,1037054
878832048109643,958143
1342001207305890,1285545
800102873509657,1270946
359139341503401,892516
731050146581347,823841
248275491322131,1315417
165165731240926,843211
957685543975853,1446607
359139341503400,1126797
1348959079030270,829513
1421580051850490,1242715
150844005280794,1259823
1225330397508520,1330336
387629865579976,1220138
1036540272325240,899348
485799408184279,654594
277915981168901,1112189
865068424973876,1137293
1172398404989880,1150566
1080432998854250,1352372
1345627269265390,1157013
404862931637280,950881
830026360324144,934368
1388617989340340,1163460
1326463468093800,862811
490883456346274,1319655
1012124282216030,833195
881249406745774,1005067
1081666048286400,577810
348375954749553,1020485
924411621524233,1282989
198158079628523,786643
796284855428714,1156136
209093160558001,1012454
491207152657096,656409
365615192080451,634106
516860016665219,964526
854411854541127,808228
1137562289153880,1416130
1317466832014430,1017580
510961204792403,846177
1356570260111340,850073
1076463512011670,897694
174500745233124,799784
763093598597906,1065201
770322971100780,1112285
1276168112468550,741053
388742471678833,768683
1041879401452700,1179813
722524238834147,701762
339824993454023,869184
391982893662860,1186299
564519274103000,704610
647933318480119,1043541
526902964374167,1179813
200630292193674,807572
1207070289993940,768903
257960894711306,974775
401273086145357,891530
185602477089620,747593
147764276423024,842296
1415727939262970,797116
815176510654670,758070
1278685352598150,867793
148996976165666,1371761
960197738978047,1197739
1338789996889690,1195224
1204919333335510,745764
1097267000384980,781960
196699659232407,1156889
1133226550373370,812575
633439756661721,1205703
1000868737063270,1219989
1172623486656320,880941
681287913267946,909719
1409724228481380,1306314
956368454635269,1197739
728020604205960,704610
896213925014639,822368
747750946148267,782349
1175379565781120,1197739
831023139980269,757846
1124011789592700,797875
564533074658873,1220430
347270030508686,791008
350332758903050,1197739
362435662620140,1664003
1037170847035800,742441
1271905409765910,797875
1374897638255090,991078
687011016228076,1586435
937707045958781,884958
1165679776557290,765795
384073293468673,964660
541979307236151,1069221
563642923980781,769701
1253043725030680,625412
1234502522832130,455176
544740903398267,1242475
716787508483530,1356399
630224266171394,816566
1377011960498000,1056298
872364796145401,1118921
822668052967781,1341888
1185824244678210,1378672
690421622941996,1953841
1091303468891000,1933517
1424556018964180,785734
332651283655941,983169
800729321983253,1014231
960603354526669,746155
677820444467666,761408
808637497832340,1194434
1075219339374650,935419
1300337306978750,1649173
226039401705184,1715038
1163201582632850,997632
1033368489545480,952914
218804086466683,533296
1294263176639830,646104
369865275950471,1124990
782243228906429,677193
872905372387546,768631
374357077020159,1248774
731058180930650,978931
728898474886973,889653
735549891010260,877816
420440239999780,766386
1019755163060720,1260978
1343819744320640,1296625
185184428881899,1038259
792086924613460,973773
504152002448303,960383
1255118764765800,942460
652297041630486,1362362
776155747542997,644073
1054235383316230,684324
1110640419667830,579451
946286681989374,631010
1115254233210190,756409
1384531172717610,741545
706401585974643,551618
434776274003576,764975
1189483345264380,551618
286445068084217,779989
1231316408620340,770926
1347306393436900,943873
415332973193610,1118711
642364737113039,1248956
1253378776170380,1231295
358108803890303,1257527
184406105239356,1151995
889222515258587,1459727
251037238081220,661498
803727276789027,798195
1030858929738760,1023754
934373894612119,1416200
930438993349593,1566267
364433373254090,1713336
1278493381465110,1723665
210704423532960,1176313
749587881523571,874601
1266574066108420,788242
855559771975600,1077216
908274363826980,1217554
1282848791277860,1203695
584428549741770,1263981
250252242450889,903646
1353748188631770,1220152
1081826035231550,908381
1044743948375610,1041766
965293601467940,1173591
502022893752247,1174350
1192604502851740,954350
233631682852100,916054
519111532435327,1178483
731308295011086,941076
269905205899836,941853
419779002854183,846857
474112638600379,1012937
1216081290323150,1179178
948698734504977,1073641
475288034151734,1018892
1096450963743720,1372060
726552367628363,1388763
1406157400688650,763923
947124180448046,722542
784301401550953,1188730
305733520593611,699157
868194745708647,1228816
270623904277986,886309
1391621612754820,795111
1106483191567180,1095619
418047211787870,1435930
921057282231699,919521
1024436081178130,673810
637822420221320,731379
939869459917164,934405
939179920201409,1117075
1322030763661210,1336012
862158011421741,912545
1378523516484620,902941
594523362808896,692437
383218042214970,599431
1123369248992350,1370025
1297587954402310,581054
1240270979497560,587676
958533432167623,1062149
265386506990050,1081506
1265386733763790,993088
583201916351887,1428078
1381062201641330,703907
1379842838257940,951066
508187364457046,830696
483685292307491,699478
1243174839405300,617130
1285799563553820,704658
166373009956617,693702
693929533593884,839549
1396036057349010,664047
309737809717506,787153
1063894682243980,1590174
907219405406321,1073994
1192024783547260,1585052
493089865646360,1158252
628479437684494,853040
909450986510133,1353361
784448358464080,1434730
1425833268639090,1189051
292517030488269,1030144
1073723312940800,1103964
1273882113540060,1127787
433495977664331,911910
498317776506474,1008585
669512084377724,691657
466234180339819,696040
1297842753189850,908273
791402780796753,1013322
699991116597450,856752
1245021822078190,719838
755611411401860,714083
1209679493994570,711313
699378065195607,797564
990002546729631,817873
1327985146634390,955523
1393758642671400,930992
306662228841553,817584
206801191522931,808490
823487339693924,957087
578749356294207,817808
1182645239723080,628211
450848243294439,581970
575518525131471,987108
191118081123264,545185
1266457268703890,1159826
774480730401337,1469251
1021794059161840,1285793
173414083329561,1265011
1323256255190130,836366
1250018727973820,696452
1083469789706540,921761
1410844366368540,872225
382317533193396,974844
241769691307254,932041
469341351789679,1785304
176274206880570,1160996
613340485340150,719867
807467792378917,1179680
537307817752553,874271
237697398064556,869686
902390935182484,970136
175520293645449,1202245
1404995169968910,708964
324247252309621,800562
1224997916796440,1184845
393168043874287,645598
421865153700790,3030713
719552985649237,1127068
647877930853643,1241748
978964595824221,1446921
1362980939451800,800836
481228311732470,731679
896323976977427,988016
267835115668614,982846
735567493642886,687452
707481390572071,794884
610341992118880,644427
1130580107707320,648349
1404036107879090,3636894
1258961835808780,3483397
1262123413886850,905321
443855361072841,1442878
901500313090679,1080342
356245809816716,1553923
412483557199306,1234381
707427032179790,998281
494404811186329,1031404
1267539115427450,1059724
1308115797722840,838263
155961006285546,1387845
1101161580832100,1299860
287745665061026,754806
1253090604575790,778702
813990863487276,933535
1399280014127860,933535
1124062954828370,1695477
406315136626241,2372159
467510785798519,1588947
937035653911984,1280847
1419652243637400,778505
1153629328088790,897199
1375127611021100,1328301
990616334409609,966647
944992235777953,925356
935195990677016,909145
785690933285520,915483
260576205001550,694950
1030155903606400,800426
477770976352007,794087
812230499096896,801303
1014858846307770,1034065
632608440052067,838771
1302244646336160,2518485
770228318732941,732138
691686321063544,727017
690789267300854,747330
1383520774591560,971776
914025433923269,1279832
986949602308790,1043653
261719577825929,694431
938331974511624,532113
862008672279656,621244
632381215210243,668602
587404792622086,910664
786301547144659,946020
662738696601697,1146417
469404263645093,753565
323822562287366,741911
829734531864606,711624
926182418726506,1260720
504406256693801,909924
927728654670600,1146203
1209326357226720,1051131
1377390100097570,909282
1055646793275190,1008971
804513937446501,1035528
654167674790754,714438
426094591839421,1284931
759354397818191,808701
774277028167604,1170217
365125278691596,957543
443724091752197,826021
515358621973371,906119
235013211324701,1578592
649431416472296,1986712
665579529458849,1114744
385490171523439,958562
1261350517978050,574930
1261090932142850,1244822
223116333081414,1028663
850652806890810,761994
1190868107810160,561352
215756914701644,766416
1084199157189080,1261669
610910020642286,834015
887308250256566,1793356
455494345165953,1243538
722832336608410,1792859
1066238440193810,1032061
517878190054813,1579328
610975279045359,1486545
452855608651949,1147240
639682000826161,980788
1111530087197270,1338678
1314959670985160,827848
850615969247500,1018046
1382715164406070,696159
1255221086773530,700746
227240153209657,1559280
852402135402607,1821109
597914779342161,1486731
611719260421179,801753
185919861425154,993860
795459521243786,955261
572882388236171,550510
178069751485216,908787
368312033350370,1299433
1419590667904530,1125578
1423651858727080,1006108
1054805485527210,889549
519995881574133,811966
833884531942323,882779
1017500906965650,1140209
1179157994281980,948504
392893082374654,582889
171891896166224,620974
526510827539211,621411
1415253037736820,798029
1326312303021440,869079
1408338229320890,924620
208118734347230,1327875
836547778251009,1026746
604801698843087,1316934
1348493932475220,1049452
1323076738032940,1133925
946249414359183,923539
1406514278832250,1654774
1332551992423600,1120760
1340995957150600,998098
370214703240103,1157969
1280202519279200,1162679
364254747651419,1317991
563176080547597,1157969
1111112450090160,1055888
353453008709237,993948
267629644172634,1259719
960454072489303,1018042
176127539859734,856780
1131539330830190,1302602
257960217369884,1325366
859556360024714,933568
370745456040706,1101030
1228419990539770,2199425
962026885274530,1286665
1165279124870700,1117087
455673085723667,792288
728119702831350,1738340
162038463911051,1281950
1130107623315040,699168
1387083439782450,1521841
474602214632720,1451700
1344576390128030,1611276
1076085488744230,1053246
1400350653829960,698432
1379135434787090,773414
382837662626253,1532237
791559420403789,686504
654353564645791,1347583
718943395614366,883818
965467337760470,1041991
984075407156430,1382253
159810373110210,1224029
676132465341431,936102
1327240371680750,1642698
819369198834167,803097
703413645300900,1089776
594898182322700,903783
245135470600977,1246608
973091880560401,1329544
990238816928057,1016396
1130345313506650,1059209
671852836109690,1344288
1014720212169920,984670
276188603274674,1415238
1094838460331920,1668476
1281867110028730,2276118
837677334563117,1110073
881905727584950,899054
1217006030569180,928186
147154348998396,955342
1074037714726780,1291770
1313957500250840,1100187
1325423041178310,1350585
227473727366251,772093
1274118522858810,992051
555344269839107,1151291
182275095347881,950451
1365128065966120,967589
785164759941961,926453
1388386525162290,1021245
194224007961183,809557
683602956270301,647121
455345069946430,842534
991925722060779,1318643
1175388685861590,926653
937223584401827,838321
1082402050049040,1089462
1282580939532740,1511987
1398088445836670,562510
1287113672175630,581852
842540685104364,902208
684089442297251,1040502
1035722063299160,1256291
1076014547573920,1298665
1225122120238900,613695
1318146175172890,873449
1182655448680280,714833
869486396570884,797033
735972917566757,708651
1057743726736000,1070074
1086290825621780,1118517
729483791034394,1048349
784397362624769,664184
172079574891667,769066
1113206908883910,843476
465419557215603,924554
812997337763446,1162402
1079858959693260,662405
344470344774631,9705321
1044867127872670,1102530
933126548630586,649065
900369895013317,775228
204915255260133,1070821
900067232295047,745728
233628073180190,746450
435891230679493,932669
277382550721774,743215
327167263569084,877380
850638141404294,14563278
212390858413011,896004
458004911642149,1078101
336201375392247,1263462
584894891912741,1227878
513114600245817,1109163
166145384982239,679374
454487799866469,714696
1036853190793470,1122777
774642884118084,737737
808261740852276,669931
662958726296797,1630271
1032005387434430,926608
1364705012955490,1102245
1365390059063270,687806
1428305717137990,1128514
561839087181181,811684
331457181382729,1216004
1423920340360870,1102245
183573859842720,1094113
692858886588859,1026011
1205144772775820,897500
637979090181821,720443
959305534988169,751996
684355639994839,490540
215667453531181,704326
750014241132046,496964
198316862588174,614795
1044218207221170,979516
351239867741449,602543
686099538371697,1024230
199318360159403,827310
765719217656861,607704
1068277929410350,493689
461513747567587,749772
1097115194969890,1162430
1215448351602360,1182401
1007311316375260,714668
209809367453346,3058553
192071664816946,810055
911455920944750,614905
210159490195370,1751164
1060431117980190,700273
989030919104893,898689
151279604713699,903793
1420810867641760,894882
389478147679211,986440
363945147223797,1299985
449974070539373,605719
384699599542773,593654
556227686522783,569174
252517644598556,717550
386270256908500,529183
1039441199512100,684849
1318098107969290,1551535
1177866874394050,1123855
1276558253305650,1700232
736765898459329,1155441
981465998332036,1375912
698212093997273,967169
649163936285569,1568557
209083365557843,942023
440181048661086,1017883
1239350273318030,1618852
1331598012803250,1224982
726990717320891,838822
593848217193733,691270
827349066635247,1335450
1061053768406300,829647
898779668602764,898316
532371710776139,859517
675690002684221,753099
918543295200664,721179
1136824336065180,1460772
1219533741424550,729754
1241186103225710,606276
1292568649768250,1173322
714735643873939,1160812
451826382725970,1169625
1323585163811730,1172236
822744955460450,1223686
1142396207134810,785198
831584012106240,818913
199914128285597,1750181
1278790929475420,1204342
961174020234810,585078
835213494222146,646846
1228861313253380,593289
736583210893781,737107
190962981720807,719892
506556071875919,900329
1392373908140880,1844837
1409655279995830,1803271
891115043444359,994901
465894520051899,594816
322830144612219,678779
703752717731841,637966
796009630158060,632219
523605582185797,620386
268366363831181,934751
164364913352641,1170928
694271251311021,752580
650624575398661,765709
550293052612723,1268228
253462070665639,1013083
490422911016893,763769
351918365400627,1109535
954065650317471,1034083
955672282222729,745379
1385221672799250,494949
305466336436864,692628
162252283729644,692628
761105572976426,698657
1048016770775390,784578
622794981752630,698358
179409595127811,744591
330479382481457,607362
657277899059061,702249
449685871420303,861150
886892945148293,875479
410132976119051,668831
1284189952973290,1323778
306479084373637,900151
617163638485826,1472471
316862043300316,946439
679245410477717,818467
210299133265010,1229805
570549849397150,1598832
371174687015340,888862
1195328243146200,1604156
1129047400811840,1150627
399536169710674,1565375
209433507897993,1202353
807215842761304,1208335
1032425059111750,1167337
901220220807066,1132015
789647394274583,1306856
1053072452007500,816750
817354081463486,784130
522868616172906,739891
215837079105144,828728
658152916991943,815625
1033042074988410,1104823
202692825067957,908500
287465890193633,845004
277889422337319,803858
1089238888627080,786474
515916221997814,867557
1382455750390600,841642
516918358653216,951615
590430656317539,913621
893579630863599,968340
858807022759674,852220
692578188283081,904427
1240098129727340,760817
170373694219344,1447360
1358634681607360,638438
1048267730472570,1169582
598981290458821,1166802
1237314353147700,1169841
376935151879830,1533207
916597069171537,1541660
1176655495724580,1231146
664020328961103,1657306
340043184200401,1882674
620809952883549,924362
1253329377646660,748038
912513681185966,551225
470283265150316,1040747
451812011567550,854009
142914030146036,1231473
304302863464540,988989
1217069873671310,798089
316686906550274,509388
868155697842810,6633385
397509736069677,532907
695279454548630,1332100
1178319118347080,1404760
799968470027656,1149307
270827988990341,911156
843124101091660,756880
969241534446934,795364
557865562578504,1185132
1223114082428710,1120058
1331258856345470,960491
813110409452914,1441623
1348352118665610,763244
1231943224471380,1517625
1206503374267310,993052
588380961745390,530880
895657315704699,511019
1052805065911920,493743
1267449519722890,878506
294857550887096,498786
666048378186784,800911
533204654335040,586539
1365658706511380,704083
1398502895844460,913114
1104033418859350,537057
824401172943794,855013
1234021159718520,690997
1404091102739770,921546
1022378561340130,899966
589127385888543,688696
1095969452321100,955970
1051799682419580,711598
414139795961264,891257
1348403040345020,1209366
480951462515571,1174564
680885752053193,1723967
682867077555069,929523
240256238831821,1018252
395094640489796,994119
1095521239327410,1219085
1056759843710830,1038352
541932992313877,1477510
1213040491670990,1189058
972145322171270,1034568
245965394106969,1346058
838271222853953,981236
289421807741276,1110996
524544392385413,1347137
144127117054240,1440643
857272218770249,806140
524338847118739,972313
1269109704449030,1049599
887509123850164,1205058
799267130175933,1408394
317478538671951,705426
860378501262054,804265
719025781807190,703393
1288147838933560,1061956
1407082220494040,1761903
1236396130501920,721576
966603542695333,1402393
1193858605494130,1369594
390826706851973,866637
1287543863530540,674219
839861277843973,820255
1098044118247950,726608
815610858122819,1288858
204739156592413,1552706
895604951630256,1265259
697423984448934,881617
1045713700208440,1303761
495753913532713,1135243
924849032487223,883680
786522373908700,964495
691279834186803,886896
689743102494446,867867
1424691548804280,806560
1399763607107200,1622557
920163743174561,1724423
1331598009626310,1573521
561080209275841,1092187
1012385766593800,544020
340268604947844,781119
452415280438039,811735
417341224004549,1272251
1025368935006530,553731
913486971578989,874507
393507470399256,1011417
330843721871869,955629
733421162366480,743158
563040717401109,1794151
881713493787886,14809165
922153827212680,1258660
905414517819006,1067944
1056272169709900,879591
301714877248656,908247
554867365055797,899292
772302496112633,1493248
495627654280779,914688
1414399667192020,705152
830373147832991,654579
871033443270473,700220
1200769499656690,810253
539336943840713,917035
1052858466230030,941731
813932650135437,951252
251886465608109,873818
584141428943934,941731
593984299056266,1312718
1074008627536810,808050
1306228441287900,645397
890090117031791,1063336
839445876079076,910883
455411775561336,856896
361234314319900,585347
1230689114272310,4088833
1106912768912380,803642
1216454445991180,622688
1132952996806520,1380411
892589789533534,700837
1132012119367290,686493
1360926195531300,687259
979069052323233,602356
813883233965331,693296
288721453106727,968138
631893498574216,805286
1170314630495050,1115018
208483984920419,1323454
1255924337898550,902253
1153510416317070,825726
339654702300777,874279
1378431036962870,1706501
769852313867943,1555684
918521344518577,1648361
143441354692000,1791298
984645646935337,1559031
205215468290140,1649632
734588870479424,840818
622038230971581,840752
574040619378209,864800
249668909481530,895153
1371684765517210,834241
152176571579260,899549
906985527354320,1523932
785398757178186,9226534
355201787680177,900062
745957370084230,822551
757221847306114,917364
1333730517934670,912978
883151624331574,901405
479111176105797,900062
1202809476696770,954443
293225649917207,911759
1392040556451220,900062
205752895207780,900146
737298686182841,921047
997641404866396,855638
433169681856601,868845
1097351534671930,807805
1428472360840570,883808
1415930430334780,2003565
979551962774151,707202
883100593363479,762765
647241585280597,1597498
243255405682057,840538
887240351252609,834555
221869864961976,1612548
745627758963911,1483173
781013435514600,1705186
551037906631416,1524110
906346624201679,869935
686519252187106,1177013
924107119019701,1514992
734321111812779,1686662
1024528410327570,864720
1366888613596130,1050462
862772994935981,1398481
1156325729733090,2374812
517436603842019,1703828
1332833732754210,2342489
1171991202503580,2181822
314162006867303,1998946
877484145504713,1932719
209665524343821,1082914
351906965720153,1157967
998713815011814,2545956
1384473074935860,1208081
710794954045476,1077932
874024295609650,701914
714534702807441,1495817
869777589686733,741036
1395790345497380,886500
366301170382941,1548436
572792762836627,2046239
960055526354089,1010410
1021416254074700,1061320
702728007674700,1541365
1007224699419310,2090949
1326918550850400,2391387
198915509060060,1418762
643342365496404,1133818
339946076727593,1068166
725833671555553,1451750
924025113557129,1373585
1201012878057980,1076039
922930055016693,820067
1126616926684980,789863
1278627628417660,1277470
911341631099031,929861
1369446284874740,1314077
1129506612405250,809845
359684897904334,987651
870898098750771,1290131
1362167200104850,1115327
355752815027544,722149
1191229268850600,1007312
513700224990067,731119
349053283428707,809020
484751615258424,712436
987244904353191,1055593
224954201273003,12445183
550345938816149,1295070
1056218742589860,1226176
704363453279537,1511828
305477092373683,1561359
906043934711910,780270
1249551176393250,1687037
1248593441974710,1657556
933435927827157,1623589
1261470167313900,1559817
328403165567170,1068378
1103557645674310,932285
1369104329588370,684818
383353294568374,683270
953158448702606,794884
760691777927220,752037
728142901909203,1023855
637280901440246,1015949
758719333505983,1314065
954240677871916,1631791
529927733027507,675011
1167639815695750,681259
1335241486916420,1474690
650645553831563,991502
145391986089771,877870
1172775663990760,1132674
656106672836810,885123
656428017059826,1188922
538093985721897,875968
972760034848117,615757
405099810088690,597804
1330444577737150,594128
1019226048989390,645545
144053865143330,627669
853109655411383,910098
264903070681444,1157013
605364130438270,891046
511687391085627,1282723
909403436511939,649264
162296198059857,1218958
712024373277027,1090103
175393569040669,823512
1214637448163880,729362
959848885633636,786051
1248054932057020,790350
257817458555521,813010
779292226984844,1493199
613115661257257,1186310
941961395823369,719403
1156745900282480,715658
940756619561503,686675
788641590287424,701100
1197758788934460,633698
178959558629084,723902
848380078015677,787148
1147564561767910,912222
774318608109951,1547645
973300202951064,1572800
625521258263236,1220546
467434351116774,1368751
1158450869379530,831637
1419059189966670,1892461
150422225058246,1288340
802433472593404,913673
1018114900416930,751718
769923355042304,909812
993830214077677,1354934
688353500007523,879630
806127639695727,1086111
430329278966007,1389669
921858543006311,1112402
898609407435990,1063321
304388028933271,988579
1074754877624930,784840
1117627529975660,1108704
222460586920844,770927
769547296558143,814159
1383164797956390,910689
1173912176543370,1391275
394940077660411,811012
1331080995547930,612128
1375735706543470,955116
1305686425758230,1283940
851297184329590,786378
734754005947514,983790
805288605533129,903185
240634337408330,1079601
1090042313621250,989262
1092163689652090,1147798
693323170827209,893689
853796568868259,1078682
1287750117357180,1032206
540054297352613,1205144
455045924703371,855033
721169108607397,798329
1143551800312320,1003457
1006139802553220,2575983
840841778286680,1153926
926942645209970,1380893
958317554423451,1569307
740404539296944,707401
452795051322957,775228
1178463491110780,1302672
1246877901357480,1617600
1107470623651360,1212357
683935796490434,1078421
653324035341513,1071957
301106549975759,1242649
738822631810920,995263
1424159160684650,877030
1019539212573310,986634
1357420513753210,804152
904900914320039,994126
291554867940986,865575
158616262258807,1137492
309604017045011,1806953
592225535707449,1715765
1291331120823130,1336716
1243000791657950,1095357
442187217590037,605495
147497490335689,1026172
696446388155600,856746
1201205581628340,900378
1058500031352070,900735
805128205672883,922618
340215395344413,751123
405543311878594,821587
818398127861273,941268
685159060161251,960377
1134863367855870,892308
284918575094547,892308
1173984475791950,1327388
1164178144076760,1006279
1345971699581890,1372419
1094584492241280,687194
170144023423760,804641
1281812493311800,839992
233751508795079,838734
1076735881248270,2420297
1033792467254290,1000480
1362922212097100,999652
1280212334217180,2345531
1060718967443110,1027193
406105269279657,2321712
471554783739441,1199938
1095391269746850,1001761
930508324123004,999960
885850185551714,1199990
1167043325159140,1002036
894629864247559,999047
581299614503141,1196642
1149685190287690,1194460
1272670685766500,998296
1294314309519650,1522146
818756197378639,1000480
399152259164590,1001268
1045574343140720,1027193
1306561814429090,1199990
977494703961136,999498
163434701433923,898428
1262710519725470,1199990
819717489996516,5366558
569851577830606,764011
278315243944146,559431
1085041483615790,666637
468562716003466,529819
944967623337947,548853
1207664357338210,750877
853334797142697,576355
1228515102153960,765942
1334466793372060,594010
888426001149906,834252
279147810753917,1147714
657122634800477,1249679
1308469686034730,1293632
512820224049441,1192175
738191744026487,944882
1009715192921610,798701
572186219181230,757312
562623573877644,754286
670432916464077,804907
644363946677287,992048
1057676009214260,1385699
1282720619258170,1072290
1057144092241150,868759
429714624160610,612740
538619452287063,598684
473760846506529,974206
945019980256594,918682
638040685971377,848836
429650045357446,959177
454101980458173,724524
1215401136237270,676913
203416701024904,910354
613592127308521,720881
1089496081810270,1177515
526316663594589,815754
243646555960329,758467
1306531086243240,1157633
879310307808247,1208975
640527441168551,883409
398395075508336,1022168
153871689010590,1476764
929399977584256,1180552
310231549794064,873338
1227750723070140,1319793
958948544105337,810720
643994776759883,707790
1421479492831790,612664
1265281614923130,531872
1131520039136730,559591
1178423773431840,1152503
945322188091009,697389
580319644537723,1591987
1319491094805300,1467868
180034364106053,1964472
339824818333719,1405132
271732238355099,1208881
237966461511619,1310093
890353768068593,959622
1267505866925010,953830
406277087851229,507515
497642000420191,1234388
981875227976223,1014050
1222787257675500,998709
642501674214777,917305
1148156458999340,860069
972699141208396,656774
519397733599659,642039
775783091232556,806894
1068049111328850,665116
1370593777031910,678548
1166860355611560,1009549
1340727793331110,919541
701596888151219,873102
436703980377846,699483
854431252615587,1009313
899844110617776,837990
367428818443194,642557
254145470262960,2031607
1157297547473720,775263
196448191659853,661921
1427922448531000,802696
754055712367714,608361
1082331217183110,729556
646338231625129,626956
1233258088388200,698288
1133645802709620,1030858
1196351548671380,657965
739931534283573,700741
316902548679320,661323
837850393441963,679995
654173321445963,705299
928014268477851,723209
1099005416294830,643173
741743071072853,716456
1195665141079730,791724
500868054896044,684464
423237364045064,783896
1012811636290880,752894
520264232494331,566521
893971303299944,498033
1302290666069920,993415
817999187304979,574023
501787801341631,574247
597648399388360,632314
629413878300370,796448
1251310173551210,717297
1184312903749630,660793
1108576579198560,588110
353407567996141,802500
950327239715444,682875
1303450682522080,1221801
224559891328784,771396
816566627366961,981851
538931570325147,802500
1237329476832380,567500
1414009635962620,567500
1288978576968190,789131
144085720024507,659571
1178691017183340,462950
243950060022681,1613882
455658908711436,603136
373418663462639,1635108
236646630649106,1148842
1092643427187000,1027894
357549420432123,1041307
601574426879570,917327
440883806183614,1207003
783732599740037,801723
1271605394479370,657819
499084179167623,1276447
283207461666700,644907
420762680755377,817118
754600679175411,1173230
360859173860351,1049036
732748471402301,1286912
147855956490419,1192286
439289460253960,1121238
1255217059772700,1094461
761532669542224,2410585
1273534494844070,1429642
464134300270114,1271402
1404219146179810,1304653
1313943161158680,1529470
1366229071913820,942348
1034746537102560,946236
1215159418856850,1080925
918210732943136,1131289
850375612856267,904725
674630119738356,1030203
545536726503129,837866
951892550134201,612670
490244410915170,965607
434514719018473,1172209
496382390573394,882977
815628202096959,1287656
1373066232349390,1364556
249790383082810,712481
250718650046236,904229
1355499434502050,1058137
620322180091161,1331811
645078092197403,649350
1187432973599320,1469554
394796940151729,1503873
660375547357464,752292
475440748653054,1440067
1150681134400130,1241678
707656604990041,1418485
663793382381174,1379566
760584178473873,1345183
273328555079021,1024350
896165873084283,683140
450898958812309,958442
1182582211585450,958442
244166221074169,936808
363818045460377,716353
720572087803253,857828
305573387451060,698124
1072554036859500,700433
985826758163710,1071146
960213308515780,892965
1397445964845780,804166
735586444317886,751518
480654876080094,823054
1365841181358960,630964
1280168571145060,650257
1373466673440490,614931
783527436756589,1367691
524531287125531,1608465
528613147285887,1133413
743065321648729,1583735
581790624287377,1601546
153874796102384,1135416
515651043184660,1202209
1184804230459430,1280054
773051992217596,1431629
1018418215416450,1405101
298137191209610,1374261
803328119875437,1535492
1336917655004430,695621
371760764185283,1073334
189909411502441,1068960
1007188731641100,1150671
222042350148704,715561
197810766422093,1081880
927608021729439,1081497
451045994875531,1414971
922669256342719,1136938
357464870791846,1219442
1168660257566940,1054556
697760722995200,775332
1379923155736070,764841
431139542356441,1094620
941600444298671,1466153
469661714383321,811025
1370339705602590,610393
697162728855423,833002
1212535240765700,1042913
909789689096913,861770
778970410348537,961404
772231737612464,1129430
978878135843071,1759761
1005906340974550,764943
1401831720317040,613483
797642239368164,794220
748616272093646,845610
246667141786754,621688
1179085736823240,540582
553908194631211,557386
585533642895116,586610
1171261364588390,590248
1123641027093570,686700
816260143605051,589928
1185815523119010,683266
994467329660924,777255
1390372199260290,1489315
929385486499043,1803125
943793125102950,1006135
583228950201863,1029229
303694608216273,617490
1362040943634530,490305
522612342613874,816285
1070951916970830,755379
403970829610149,784924
517890798342627,1891832
556661840180189,729114
953266033638384,733578
1130933997383030,686925
1061838717671260,825928
355489324204010,701528
930594598305210,876682
469029756136671,983087
689654583419061,1324431
794124045963377,1072806
184330262652019,679456
871477629941160,987951
375348613380424,977107
625484388687389,1955224
1033687420228680,1275178
179500911334303,1379771
882108457631859,1494762
314440312957344,906200
849388578061690,1025405
1392739986990420,1756824
1306438057834160,699259
613393883121261,1267679
750671708018606,909866
1214610095802660,998806
1094642061471030,1008753
963052638645953,802901
489137083334793,1118012
356446507565680,1381218
1386150812420350,833252
692113365359933,706350
1307216679240270,931118
944233537014430,943402
904966634638599,938998
729837023712826,904880
832966120424939,1283855
154569314747266,1030736
949369101121994,1795093
469217345209806,1473568
1038519788693390,1818043
1424404168285160,1135483
954555559917453,1119334
845889784002426,931783
586694084168226,1048370
851159489811759,1510938
266348347807241,1067678
1220668015635140,1431126
262955394030587,1124992
942995073940144,1752655
1139727816588120,887660
906192635966763,1013872
1103362216114750,939933
195604506749439,1175549
339620214377577,1108956
254192890465937,1196795
571867904667749,1516524
330776933546874,1513328
923578592272089,573909
162574649371306,1066032
1341460150613400,902750
1064597093891070,925289
838837948393293,976260
1222375925712870,3061524
464418866426911,3738555
800053422911659,998766
1424201468771610,797051
538065766537967,735875
1076504274953720,844940
556991213606993,692017
278265097987389,807300
467387585526703,1239970
1404641600915680,946943
696769148195104,749717
748172215751243,750827
843627066940776,1270501
930901803619376,811893
1160110027213780,1164803
545149564382053,1553072
469204109252293,686972
1369637537713690,987949
925046726254314,874824
444446991394954,836411
552489217399203,872694
1356895576672550,1151718
463320446162011,1427286
1128676842231650,1012539
290636603996066,1111324
1073264992426600,866188
1133689495042630,858670
257088701995589,1079457
1263855926754240,825750
910555616941650,1350006
218651246941336,873004
945930159926734,812812
741705851797173,757255
1211018520180100,612530
1322753115520820,796400
238665146157609,942266
164627162164156,1395196
566669196554301,1009407
1312294036129010,852418
1302086374495390,816251
731290351848103,1281859
714551452848444,913249
151548309070897,939136
988003395704819,983393
719200567420096,973195
306147599799499,1549363
344967498382723,606133
588665273119703,599407
554868831760509,900227
1067274760317460,1127464
1114228527242530,1336924
700576974072507,1474129
1257146305137410,1128343
636883243885140,1034708
606832852860720,1032218
1067577384431730,729608
1043421862562360,814083
203853066724524,689450
911213200093196,683116
243523380124474,1687361
566145201839963,640107
360259519565866,863989
1065084567242470,877356
1080198372232200,796786
957293962381617,1230025
490269225265997,1211624
588502457865030,1347636
179408279468857,1046393
261722224420994,1563292
468251681112410,1170955
1087017903985620,1420807
595330808492923,1430986
1394143042511550,1378380
251457989509020,1229568
1235699091654390,830451
285065081970586,1106104
838183966634643,1024587
839003087466094,1879693
1342809188472700,2294158
1099141618637980,1304460
1055383099608750,1181008
911049020897104,973697
500993587186956,767877
203559450433279,1410709
243325008898656,1284632
872441610690026,1216035
1328176042719550,1212863
220946704633240,949053
296406864073167,842573
1334895919724010,695913
1405144642278980,628495
880947385241523,585623
554057321957516,740592
261664306339534,762606
1048114419655060,1145025
1424367173150540,1279749
865661279568367,1057751
1335681489874970,1008208
821784299580246,981834
1311280553639000,793650
756208796155864,746850
1265671336780930,1706923
1308296198143270,1092188
1127125202588700,1270155
297137004359356,964560
1413350122554550,874384
1214754507547270,619592
1240012351482740,1039431
148225179935073,1179227
215179435524790,1190422
482591223573589,934882
677467649191101,989864
375967330364714,1098329
349995569555753,1168640
656859967904420,1179615
228540533183477,1125243
195616492624481,1222316
1261230492268280,1166908
731123829589161,1132333
607769489619811,594026
453760913041704,6384123
420867647056814,1585058
297143717582483,2103734
1366710823196830,500134
1346994943828430,1093103
848398453187191,950644
195237118456971,1567325
1276558819231100,1150422
937139258162399,1042625
927901986609140,1204375
1350014062491210,1179580
240373870817529,861871
274772711062996,984043
361011683585174,1060265
934851806707366,931404
268040670958427,887828
366593720401506,523392
255840831422189,1005910
563905588043897,1445969
1131163004867750,827340
718753872215269,849472
794007349483319,700625
741513402663443,722441
765175249728159,1077369
1149104498408580,622203
377004229274754,1180947
582754462952120,609482
1212940504741160,900409
329654410470134,645629
873946464124379,1174981
148006495366806,683053
412228887291100,955649
894472338230294,945140
281007146051353,1160859
614717665497423,1210958
155500356537627,1238100
1211000029624790,790740
1398184210137200,1234132
437618569070659,945280
682957010249236,664171
191209491964146,1122715
663853289198411,1237824
286937315467639,2204818
560105505943053,1145210
1320841002084830,1963255
1148959379153130,1081316
805553021264133,1029865
894179678683790,1184593
257720493143423,1159325
1417112200104000,913183
868637321494953,1015740
1074495985632630,875326
1135968133273770,969758
624677167565757,1198326
504209627598199,1018788
192174409260520,1245168
258342485004427,771802
838535257232836,699244
1348117629440400,695336
1383901948269500,1177765
1069694042823210,907946
606591386042963,1215968
731518784506107,990514
1205713898059860,1487345
1408045705831990,834209
1279821014340940,827023
1103464916473430,1522341
664209414231026,1318283
1180948744453910,785934
825196425105941,931722
231504886402550,776583
742329151297724,870909
528802119134771,654163
482472279768189,1330721
285049946445443,1521150
1322455633361580,1207487
1349567541632550,975694
1287545085267020,835949
605305866990207,814505
1291684922726470,1219443
175672204794073,1275105
1160982559364070,1275614
1163742402530920,1117697
1184808569874100,1301100
414926597535043,1141655
171005850463411,1041170
1000437204621770,1249761
152070480094467,1162882
222012061681797,1248651
659267319340053,816464
1047761022522940,837288
265265278168767,590146
394533868555806,936150
477226562462966,861016
284097749774737,1089604
165998499290036,1155009
907582208132400,965546
451998647147983,1004849
603346640554750,1392657
871478603253979,1241807
905867299960931,1148014
847239394367644,968662
1363368282211930,991346
189206306757221,893617
1053483000511480,1555638
618238355996543,1874456
1168753799581020,1435598
1028071555311930,831120
225589878405220,850159
1350267737823400,1055830
501938372170107,581326
986802778878863,1203240
1145180415919420,606129
394789002693057,611160
793267258550701,809635
193275918021300,787994
862979759790504,787823
1305108242593040,1632043
528554926013621,1028352
866021142695407,970649
145460043443059,1036505
560210239181449,1013400
950729819224176,890065
415735485229911,1159898
830593565201817,1173759
1301376957132710,634886
604595900008267,1599272
329712796734753,1511521
1276322329366480,961815
840841905380301,973098
781397256912903,1051876
1056090438395800,1291698
1099114279901540,1188321
1126398979820760,1264189
508807931944930,988724
1049912673257980,1020022
238444943812184,947722
1197578071013640,982023
319457328115844,981307
625648901946099,965975
1361173762068470,1307167
470630849279140,1045486
1275509166631330,1095826
653070247332689,949996
477847747279137,1298343
703896066561931,877291
403618899785531,900784
930059463271643,892755
656042249184461,1158114
1301427987152470,898140
1192230174134390,842493
387948617193427,1842138
338678378018996,1888024
528127201663474,722687
211502349761010,716675
656797751031391,1438420
801693222231161,2088015
404581035631353,851561
423621608715057,885095
887254762334196,1770662
1170284325114470,1266431
302959678907553,2533926
673701065261491,994208
1101562729860480,1519506
955761368656366,592798
515460128717931,1297814
208309085066789,798411
681411293837753,813386
722135695594280,713908
1069039748671700,1010797
1037552011427560,747341
750542815543956,1010607
603064172450043,931633
753407501590910,923921
665667031474321,1028775
1418710734687150,772415
235730296965853,819074
1223619808928290,885892
1316214799943230,812904
1252517441849200,666682
1007570099246260,882011
1272707893286170,1644176
454046707811889,1184778
397561436908009,814033
836932900757413,1295573
488623710782386,1203990
300060892048913,1157800
267196101784213,1415485
1361077113092960,1583668
329012715329150,1231157
525153672347526,1261998
1358905874332340,1265362
674949270884230,903711
746782610448559,1064313
703744157484259,1118275
427348994121357,1259675
1238591629916560,970241
1259725573830470,805091
918320813411941,1129424
336811536727951,1228049
1294768735661550,683369
726770010057256,759284
570761843636814,1114984
432789386650254,1170936
1015181000439650,799992
343376533457321,753187
376543112578190,2023247
250724450482723,1402006
985444847915714,790095
1256560233646770,966199
1086560478999470,797404
397007809191084,803591
701055003094530,1391413
322732882800220,1085500
959881002996000,1125773
1162732410077580,1225459
941438793890389,1109608
1076399960322510,792855
1074431632418970,676508
1188999662003500,966199
765990588034967,1414998
778989222089063,1406599
1097911773922230,873352
1033552904742210,972195
609518338698821,971634
1158266460394250,845165
910080870616711,1940810
589620008779026,855717
756999252108051,899507
344192730342569,1227908
831184938082001,1104477
774461598301541,1000446
846600438134739,2123655
383012400317226,984117
1405157908551230,730413
1417922400839280,2374838
417373964341973,991246
640613718733577,1000446
500620625711544,1788855
980405576806909,1075067
1204515653654350,1256186
856754511493590,952041
197032036041474,797370
162662278507706,755896
1356500778045750,660343
367954287410359,1002904
977058153239253,1491217
303811253556281,886298
668392644790104,803347
618584622572771,1025221
1094697600239880,1285837
1265626943389660,742654
1310064381871160,737415
986763610799660,608370
911913836687446,967223
465069048689189,1068646
673756911877337,718199
524538189728157,696259
198842919039289,701724
1109621119642740,948946
1140568359008580,819813
1035663977646120,615499
1174871893498100,536479
990887295286359,594916
1041147743012430,1508433
1198002903000450,951502
1288404884510500,1344517
1140627261236780,1012595
1375337844601240,728611
378559268320061,741395
656130467987951,1354307
650695623944994,1214872
936729495790257,786280
224840691493844,3554495
1396278543829620,2895556
972576885350597,3327220
1369002560942920,3809737
927884275355029,2606853
543174549131874,3325855
269248247577627,1407887
1063187833183600,1098447
1145088384163890,1131907
264413741170400,1076849
229897721266997,870227
712773698310110,849916
1008256898490990,1393756
456423214231921,961184
680442640052644,1022196
920034359674434,684002
1107943074790190,678149
1392310772654490,1902944
336733741621510,1857741
323795553720940,1589556
615352794367496,1144292
1361000283563100,628037
198713204801831,724138
199402347348696,576143
1358874318376540,1687664
1237002485121610,867203
658921535952324,868974
1135373058125050,788902
406079377560734,667485
1341621152806630,1000462
217020710800946,718719
1355396006400890,875045
349732200128833,1605143
1310131932443490,1185805
992571643420739,1354546
205257584442584,1276925
1279587270596360,1477294
295537175518676,1841241
1151981430934390,691817
696197457368804,917675
1267388118894780,910400
1023171382444910,852719
1078742010766490,1103468
445022472909996,1142471
537481528933084,1552111
641766816219719,1065858
604952766923366,782267
342597692803686,924013
869488772359237,787554
694169525571874,1637092
1209248964117620,1153246
306844255739634,1128061
1320278343269000,940920
767128174002864,961419
389532016136871,990951
416956041185077,1018362
543707836757450,1303596
586491505654983,846642
1359190610639960,1022365
1095735679507860,604195
381776599451599,1265525
1394514570773440,749368
953233899237504,855137
328336699542233,727122
265813790878007,707231
1276952279934830,737712
538648730432676,942966
897158524211563,10048570
347415546650699,564408
1124070598067190,922429
446830682298570,857370
1030217520646430,796438
780113885491443,661448
1125644112331640,1034254
750082088816346,958055
924320646133544,1467823
446444158144093,1451251
1026504357481290,2917880
1214736939655110,1082436
776975833294796,1501512
1286927185732170,1132958
1180966558369330,958021
1149751321775720,790502
879210879145641,876017
1098707994412130,1217097
1078306075451520,1819798
1145759233193630,691767
854873748730294,637259
316622936936203,611117
763039194757747,608373
486400752262559,763477
890270905036886,882008
866762348088740,1144154
1083041502924320,1080274
254676328647967,797337
636152457344499,1060512
767176144783466,912013
824833140854179,935364
336601624635124,1291854
565576363123381,622069
505895388245417,915352
849579652251746,808142
534420907323001,1440750
213502779754707,832296
726788118221179,1149592
408745733984826,835221
419044227115621,664428
796681320228626,1202616
1017204110432080,1075728
1173713678862880,941111
837582004708987,1193514
872046366546587,1222315
577946811410116,1059877
308125217663706,685295
270198460082750,2156291
646359949902311,931529
1220643569016010,648503
252649527401347,878342
928568739488636,985994
748561206515830,1258350
630556479887753,710599
866118755094773,701876
397592863147783,595341
1386789312597080,617528
969510240192457,1487245
736024106516171,1743834
834452892616647,546104
564280738724067,623323
785503991068426,641019
1412999018700930,929214
835366746320847,922838
1056281919126550,922165
267322331262520,826514
207829598216026,1004574
1417121707583770,853966
1274931320074450,2193266
694613763740989,1016720
241568602181959,958242
841188528622724,1456509
198844100314573,1374729
771677724939960,1415345
1265891935949380,1462285
1428296571996220,957603
1010250940514960,1484120
916912136765391,919220
708234101430087,1598912
502824169339677,1347814
791296232233230,1418212
928065331653201,1236078
444430773999714,1066108
810645506020624,1424946
692302576027601,951374
541555282081756,690967
935893472032420,1501892
1343252331678390,1092009
860411780304343,894937
738573815181424,823588
1377598274861810,943358
732496141905821,883389
697522257858516,1220214
722669927552553,726404
432541911749660,1001431
527874411663809,853200
1033963874600230,706741
652110776272814,1249093
1383280885274900,1136496
318853686581607,1140197
883625308577110,667316
1009168624517410,926917
672580377215221,1070459
242950197992399,517505
204455700287733,1234116
300025678075953,2315529
165595949225079,1686550
1330279673992430,1588718
254048799877343,1888483
657463010109853,841024
485369630642269,1364785
1193030073610180,1933239
1295875344048290,896768
1217076780057910,1036167
936085888812660,1051647
360457322074913,938207
1420652545667270,857390
566184675957977,1234353
574229006576549,1038360
290679961726834,1016568
671142892207754,844068
1280704604176640,1097744
1167789131408470,1276436
1104955020069540,809272
447812136925147,633247
719679877604190,994073
271980695090964,653795
852433820961269,926607
146122702139254,691134
997449213862996,608611
1100964247649270,591677
932261778931696,863355
943608991639340,839886
909916358928981,977528
1275337341737360,784924
1239516182104380,743241
309841638030109,984600
484825731550933,1113330
746877857217409,1218652
516390334224197,1438922
465102896884863,1256159
441907981064069,1216799
1239622689008190,1267426
1124371511920120,1327236
717392106787731,862866
960309765186923,909665
1097867523929760,946550
184945707377803,902878
721788538804800,900004
655808284992827,945496
427032202676516,900004
968513137860769,879708
1081795626237400,964291
1123416132112200,875403
345226585151324,939325
532520056509683,851771
855833889443841,896617
186239516600623,897025
651602293347516,888862
296549053722213,1010369
1179733356628520,735296
146894088164531,1597004
881631066576961,785278
594223341827234,554472
1202265815740910,738323
854628142426344,919498
316145268316849,1368391
916145199182617,1196952
1183931367569890,1190445
363203387484034,876896
933430872097029,1078942
588157231514913,1004443
177307574376791,942594
522817144570351,820394
412516638684159,578956
1294849764591320,512617
797756637442640,512223
946284138369617,946825
1128478081958870,715963
784509767699840,1013374
618024032682367,730096
459766547991309,803209
474078180986357,566708
893493276515864,499808
395839355034446,796525
570575418194316,691590
1096800006370600,854862
958879596504157,1007195
459256730079106,1676068
1402304707382070,762553
715568496415496,792007
1380583604766050,3010323
523772947352461,1348551
239912976383143,750615
347013197482789,1266615
594758767995443,1208489
953879925001866,1468754
159762032959379,1419718
365571286203556,922628
1332404507008460,1822000
325504052954259,1650220
1049144464276790,1195989
475022647786539,897818
720440336380780,977959
643117188010733,1333753
621639926970250,1272702
867931493080754,1292223
559459447538749,1298314
1108916102021300,1293366
358046677770343,1233005
1014793210214270,1157314
590202588857940,631438
669912026830733,819242
761765483958011,863060
442043269510526,1039643
419448966290066,1463262
1426301531444430,936451
598353876978414,821300
524865625804770,1509674
898575692563997,772241
300280122002439,760081
400871009465461,733653
189508700009970,710404
677515508777559,994372
308277591144680,764022
1374537184479690,907720
157916576706537,927788
816436861691270,932049
1307756819339560,772276
527946990395140,1433736
873231970821767,1324243
851825930370190,1565990
905015411015947,850978
1123787592482980,852631
146519387358397,1007536
912404095022753,1310112
500275122576333,1809131
828771697325716,2098326
343481368456367,1621956
163448923668150,2198476
1216236802143640,1399251
1105809936544920,2443702
506711084721616,1287932
1384346708043710,1050621
143637985522529,971061
325565478496176,1009222
1178624190979270,9868876
1404575104049450,968717
1225412920283860,590812
1107729226033260,650086
1388579278614410,546147
1222996938356570,1506922
465297522445896,883375
482690818646741,1566503
231628929889723,1420919
412947159983381,866457
1113320568291660,832605
1136128251805040,865535
697065466687021,813092
1117005172548450,872340
439337102090899,806010
1132065240903460,769253
413385905152826,653670
981643139090279,876922
147912774334676,990066
486157351472199,926031
406052885010259,914992
991627641558356,980412
398666080749844,792088
235215875192900,720154
742145590468324,1225235
1142994863716170,902530
367479736405054,785300
606209025649456,1116638
1164510717590500,1034696
1396106090326250,1426630
156384829251959,859620
528195462803171,988947
223574949409604,917586
936241928420994,951027
183334361257823,1439632
283800755360206,576063
1246658112911900,612526
703849521401573,5939960
1364003849176370,1060045
1170187093357840,991958
1263654690776280,1910008
1051960369625990,1617350
887793823935804,2056663
837381619411911,991296
1129986784166980,1009197
270230147498920,699199
1313330442959450,695875
827463389777264,779642
940708651376934,791569
281096815660333,945023
161069130131439,687339
1208934136634750,766100
363402579591426,902983
1200988355103480,700912
888059193075180,1176409
1032533831827820,937012
946601259989121,717872
1352243275141720,717872
852017888042267,1344750
550838508227899,759578
1015822998788120,856942
275732598063903,811950
559746176624419,939651
422780103088160,563034
1194379319412640,1007473
423666765444249,1690343
601150288633264,1843325
578608990855817,1863962
1373158984647470,1979171
925164304206549,1714511
939955670462627,917727
892630673246794,880804
648909167259189,913085
1214161849384880,1021659
703729499783337,1094940
1204207023873430,1583366
1075593932016170,1106396
312980743183256,1064709
502129275604180,947696
1299365952171630,663942
182889526555579,871441
1195752080426370,1389276
675882167433091,2067745
760430664852473,2561546
787261293826464,1927194
960931634565911,2249079
174501896870054,2579320
1421251927152170,1141011
408860702190254,1742944
1225472827028500,766236
713858404916347,827268
1190280051390900,967608
805647962320039,1101931
1347011831492730,2747282
1033021722644860,1348008
1254793120215140,1148405
705626675846066,1258496
943929303038581,1269313
739313950576949,1199867
280952611521841,1203491
857535550532733,1260052
470466913290294,661152
1382365747563370,1289343
869018095830424,1260052
958661318557000,1234837
874637301349510,1269550
1274345173238420,1178005
239464218787516,1225328
337221850397840,759233
568321760430473,1516785
1267224841360310,1200449
1143006052166420,1200493
1251901013337000,938812
401558002176424,2150569
1283277463007750,2790113
301591684864687,1894809
1196984947971160,1418001
713758059901270,641439
378274030858883,637015
434433922202203,916133
626739591094813,1555886
628574404960163,946083
267739685474170,853001
291750008952289,992068
301552844690031,1024808
398244744086644,595592
661010191839221,958515
1049612874783200,975864
898703382146301,962836
1122228979120490,966649
1283903384203370,955843
637072342178083,952768
964785680652000,948518
1248917775712140,1008021
473426588534330,1836142
859621445372541,1517544
1215663048177710,1494392
513208868291197,727832
1048659060595030,1287259
1004174672168610,945690
987179582827667,961758
790664388966294,1423705
938286358896541,689599
185576924246210,1049367
1143995720087160,2001602
791877791413670,1396671
461573940084730,1901512
907218900986917,1336051
1380396136386910,1185404
560977424619107,1498624
1309444118023280,1260631
1131316610746060,1235340
268140919954487,1279790
1033381652786780,1080880
781917767562457,1307656
706703639247486,1417755
780078958911791,1299153
607485929233213,1350751
1393271950172650,1318163
1278320552525100,1899195
175589662549191,1577349
933184518970787,951187
904461151570743,1376112
768366064284507,1785378
1228460314171480,1275837
868570715031994,1058237
1281578051252040,1095168
618107943963030,1119098
1403551807485350,1262622
977882780617310,1266328
1300099077444010,659971
286140066372051,923336
959584677681199,582435
1267692446711770,466745
1119550937734460,686132
1181384151815130,547291
884248754580554,808353
230962874234800,757373
792051882407413,2186746
472119389737801,828638
322260046925331,598804
754065888141611,804301
1350311979521370,729613
1000080167149010,776369
1295405177062110,860710
1053880635316780,1429430
708293694276714,766108
1394453004537820,500026
1359682234311710,964251
831822939203469,1017672
1103440026926400,1022273
1126693030033230,1492026
1278426075756370,1515041
430771552247314,959937
641677814107427,1505140
1395065908180350,1092378
1325206711317970,1414182
1009711971113820,1066172
1144339959721320,1541756
146927215575593,1002624
653346060048629,800214
185857042667851,1150235
619196263736863,1412793
797066972260163,1108355
1267272050599320,1343761
460721423565363,1261748
602699994771056,879176
394241196392514,1702685
909490431917377,1525451
1330965486076540,1213796
268968852502817,983448
805792421399244,809148
1396257275345040,915411
898285565068976,1132551
931449260634044,986363
214423988267017,820540
539427777187286,698638
920062679134646,917690
187000708213421,653253
559162581897317,820640
331490577492164,1134422
866063241948530,1490065
1244181243668130,995465
1254209578087890,763848
193907804963254,1628286
405435198883973,763142
1375486798710240,961130
1402496060957350,1025306
275405597513094,1135606
1377980214396860,684816
1101724426031140,737277
1345582300398940,664892
802882748276083,642915
1289447171828960,791368
826445134412390,721320
712515992177900,761353
578656284803800,956186
1247659647636730,823140
835639399081769,737633
1376143331301390,678515
826800426924429,1166178
358406917426091,735856
1358898183794340,1432625
911342076656713,1624278
1303868957874000,1001397
1343931660855540,690520
281964770930844,779291
1202569282741240,1421956
426700020092571,1082664
468917018602506,851919
1256609354152510,1159040
875986781965464,842118
425123268087863,968245
1354960984805400,829340
796950273732913,967616
1253675362539360,943749
829052825824257,1148147
316509309894216,498498
1426341368119510,1145497
758925327919626,1326910
277802495816587,869907
993874537991329,782186
497070977593270,1018777
568065012555791,938901
850458031295744,996572
1379081006230490,1383798
1317925029773240,756599
249320174065566,1525794
927375108578311,1544599
251182651558971,1588077
1046795713576140,814021
319266006023953,1816594
517197402404877,890035
532327516936746,668116
1260460846799950,920836
1290977907197440,671300
1129909825728550,737103
712864128340223,1069387
1258300730206830,809032
1079429533573230,1019866
371690409063580,1005711
1141462703281620,959673
931270348118976,839760
1336172047624240,832153
1181140988758110,764489
287276548998861,1788710
863468171064021,893839
220244711664123,2243900
1364632216545300,2393177
955090655285937,2257858
728950118876143,1253211
690376173004683,1223501
748490017030694,1005623
577684488157014,1165774
738580913987471,815913
670386567296101,1029024
565507763074746,792309
412639375366313,737830
514899353142594,874931
831558548317043,1048165
466790771382307,894921
477298466647369,1159433
1396621911442440,5149292
922682424525939,886556
382656043474633,862648
1311300974355720,887380
1395837709000550,2719941
321828810045600,1517033
455397412603577,744993
287429352323560,996586
737054546073011,1027161
874567846099816,1759349
652353564859776,1029839
1321099069989250,7404822
1053303097437180,1068216
1007737377141340,519339
319916426706520,2386981
815681472569397,914646
1075407373788430,811413
193481055390030,3773404
1008786650582430,1300228
470161018870241,840468
1100323030427940,938023
1321783738670940,769591
314315445639800,1633648
419688456413909,1720512
731159493863857,1549872
281351371088123,1836827
594661211211443,1845497
1255070713927650,1337721
1048416351062160,1092302
489111117301969,988054
577851299998499,976054
407637629030990,1139381
1252808466004500,1267200
1379548939955090,1587943
1248027390180880,1205904
270702958105890,815664
506560038051786,1291190
620036107333576,753573
967773338205717,3059444
882631886708660,1161996
841689888091411,1018855
481970063200451,798859
254684916315520,1380384
971169305281733,1471812
352022581862654,798859
343509097349000,12487395
892577088334094,1157291
1155014558347790,1010352
1039128161077610,760278
1338950639063180,1638962
150451188553921,1111155
1164415975741720,1089366
1092389029934690,1186031
976366684454474,1638962
147406768477187,1987056
899225065942694,1072561
1282410095210030,1201545
434229498106919,1092556
1287689963891230,1635761
316016991580894,1181279
927848621477114,1658392
1080331759371900,1083190
1397992642124640,1214500
721232695866444,1362712
670955412942010,946076
1307304990347480,1268337
911316911898886,792345
1143025205363070,1317376
1362091049806600,740214
759295396628256,976420
247262999318237,776841
1228583558449870,1364364
1423440397019890,614707
1397426749938000,799444
382952756583956,2221725
1034492279275000,1147668
773948497585794,1090831
563470599910297,1280413
489434975159564,1058165
204126470124997,1327945
146674120816963,1219767
1391887964497910,761175
1147289697064130,1211896
1082692885790290,1292375
965342981505001,1174386
877726743343517,1355689
1242092102393690,889760
578334590722154,1429657
152070967723560,595720
802217328684123,592432
388273576375584,1232054
932242464512271,683885
286826438643330,1819163
1367000613833930,1144432
159030325679201,1067115
450864542645546,1008111
764339027008223,1079269
188796227805550,1071606
883469822725154,1455838
1248183055891950,1182685
569757027119553,1182169
1395842262917440,1555749
254432200963591,691909
958527559983849,1211078
434531590276739,1005216
745327631652739,820622
557507642958777,1726066
287201122980076,769775
1301521479887340,952887
700167686730167,804136
518359670390684,1433316
907638362376454,1104131
1401540965787290,741616
468856881468890,1679715
573394923508849,1518179
359879260607220,1739114
1240509436303670,861401
373571291324327,986292
610302113481683,1139105
660117973938793,1001234
1148910773789270,1465146
362358933523980,2329354
964476450135636,961902
1095559142322100,966134
577354340607854,1618358
408375198705614,1039139
1157514776717780,770380
1019486205620720,1349838
473289052593824,1251997
794243895082030,1217892
724776611282013,1215538
151479570122704,1167385
462206691048303,629893
1348602685681940,969423
829520449000973,891828
239405119621741,1055851
562944328818011,1793789
215653942995414,832256
1286882928590390,1148568
696760190532167,1409918
1220709201366000,1132496
886952578300234,784191
388468034711719,1108228
990097440516510,624511
893352894356359,594904
939352587711770,678153
1124258066685630,594229
459561565776321,1299198
1275023664677040,527294
1126061979086660,1108310
691637688060714,944420
1227690800227410,776834
1195369634668550,1028896
354547652449611,568096
511644491067464,759358
752793141966356,840506
743344969804776,658487
1252536174293370,1397907
767211717006333,2019300
575150778486416,1037139
741934707025751,923607
1260245569655920,657168
1293687817613480,656295
1377997515672980,639516
205692513243497,778836
265331533412284,1283599
412134474950587,1070316
908213433251703,1590341
1072033487031220,2066784
792891233123951,711822
798254199309373,1548733
468141522457904,678206
186041819167074,692943
603069181639030,778313
1377220801493180,839819
677216555425714,695394
741405684611231,705419
417428399972737,1223511
1284446754082080,1036238
194846405153209,1510854
535789434820581,762747
248245075287247,640876
1338102007248320,719695
789748191354941,635073
1016504571751220,738599
1073237631598030,710628
498461968274589,898203
1064636519175910,542544
1010445614765290,871793
341759991775574,652394
596252955851177,783156
1034617631107930,721079
1329920326658540,914192
558516324987366,1168301
1184382914713940,1095823
792015258333249,1280858
1096080952175630,1346138
1316441820722180,742977
1258750696537330,2182223
367224983755001,1567310
328677611640516,1036010
381414601114871,1407515
678790583123441,1280253
556901315445367,867882
983677617178893,759934
884806965940324,737029
432866848615693,689377
1390537177494030,750425
496154982358489,784665
856026598400684,740920
286724614266660,833199
617080583185677,803372
514431341392780,701106
643078899478374,741524
990019886125407,881568
1112611893683980,960302
818279342264700,836309
1082612519878360,580479
802906158537377,1407130
749749373508046,785767
812745614093296,1137981
1083045838508950,878134
762803412690214,1160422
471684251274577,659465
1296440431551260,645695
1158920169021460,479639
205114892655530,755601
814984479244253,950537
1230471811817420,812560
927221580447163,990417
1389824140590980,829016
695300632245959,819434
1214193683290580,1184989
499645326906079,1457549
1272652430452120,1277779
600374275792261,1279622
765032793822553,1020284
400874488243809,749683
1290539538343550,703689
1080434058238650,879948
349388176104184,808597
485531981335896,1387546
1153311621274160,831603
439249849573113,1503658
859568314282043,862530
1131223691537790,841946
1158904753473030,792973
1249090884153150,769290
256403118972053,1335333
1226369090627000,1087396
672673556846616,721335
1340680368322680,549873
470914441541731,613698
775545970420214,788174
847556977831599,768613
347440016685430,783248
1010801472617320,1171697
322364474972350,693886
243989313640577,1294135
1246249558328250,586262
1018115617934980,640843
1227923016380560,910490
758321442584837,973456
645589855148700,1967488
1224115213602550,999789
1213331609284670,3297536
751049542180824,3302607
513328259709553,973615
969783135346306,1277905
200785953924330,1198107
942458141194349,1150046
1316204502141330,1093483
294508131270080,987625
357409434524234,701909
247313363011444,710526
1210228420785750,794703
725874395871979,628431
349312444764196,592550
893045305648927,1920642
367033444220643,845048
799198465260427,1120206
1250931712816460,842187
1215692861914520,1052265
829411981706313,933907
984324303806739,16805439
790618973921079,963294
684104240026550,1589952
336741866425801,1036850
1103622914422620,592717
1275853063003290,851410
684286269038791,544418
1059903625493210,593777
945114785464806,802348
478971690864927,908526
1108106450060360,895545
1109322001389060,1584536
163360325061340,1707282
765458218971393,1449979
847340871898833,1819110
1307916028085470,1510956
746904187783533,1490602
829353196148389,1945789
964711841119163,1721111
730593325062524,1308980
303575917041140,920540
690846429321919,953017
303119224454474,1180247
896344304870003,883548
1175535273901520,1463198
1330021945137190,936496
558606962167244,1133127
212770711903994,1118942
1403492220671760,912779
760570183420066,1011369
714370913241533,1016626
771035019012766,818161
295659345372284,961267
754467391284114,1472920
730568584591021,1013865
310169827789729,2249926
1275113622060010,2236221
1005744865504150,1190484
628868938383621,1013865
1113110965147050,1158222
394831842601864,1172235
949114723185586,1075916
1031110207366900,1300334
757978273232257,7548582
1283804303535880,1523549
231862560024629,557744
1402674927302590,678942
356652610731514,694349
1001040061586010,947858
1367544053594250,1487877
674369547950359,998898
322260026579670,1008325
690853984165413,601948
245192447627601,723768
759944754005427,625188
236021054498054,1535872
436185680363957,1190518
530661795223017,1338884
736708308082456,1348826
689310355282839,1282745
1078368288411740,1002159
526299346771576,955207
1047260427860590,1015701
375449262350814,1087217
178251728675779,1247578
1062705883711960,915461
940396252327289,916107
821656551963054,908284
1191863146392490,1835394
614078177140103,691225
418694494815284,710592
1276007302405440,717985
946440766947929,1821853
1164946978812160,1535356
1269038496489720,683300
1115615925900410,835798
317807664907743,1245253
236833009478744,980251
1124371198329500,932147
508563648877736,810510
209776594230730,4662185
1009783597843350,841253
241121451134054,807524
1186824799103630,958080
777150781360907,928978
615458557965961,1170132
859797620939057,1023724
1155354450364320,2395405
170884907886787,1057661
1242339399078140,1059468
887850957640314,1516081
1324533834076610,772445
750347464231146,703917
672808509343627,698315
210861948668000,989088
595654005646847,1172312
1327345138473140,1176258
1179113284406420,1090388
396381547798757,1021546
190318653861541,1075947
1034156507819490,823048
673983247675111,819031
361792930271323,838847
298358319188233,1842050
1073396512841660,869616
299117842678861,1320467
422483413757814,1402367
1137243918272660,1750836
1159720375076730,1757393
1169385394780910,1567281
1157301718216160,878732
1369547880852730,1647297
694876737834649,1605725
224113070369973,1201360
1134667350164060,1104038
1184178075560730,1035425
614598633256431,1293424
892489460729240,1357503
1093487017374020,1250518
590492887886530,1355737
233064124932807,1109676
912441665655470,883842
180155723142019,804114
643366877090809,762457
868086628084814,785402
1248485168113870,732337
1101875842712790,818467
824120338106141,762882
801323926738583,754422
1396477947436160,452654
751955750586917,931716
1292306860096590,959739
225059903309016,890191
770433393612630,1232244
1373360825137030,1628076
1291199629558550,1439849
1114769858088420,583611
958220809148737,732684
1000722851920290,694901
805228376127079,816541
724888466171827,957378
1199025298704840,1533678
766383341672284,1099962
143247046727379,1378937
466950926236047,800676
1148721666630450,560805
220072578046964,1803411
647058943905980,1378239
1276217553977930,1028603
490463590751760,1606336
786851552519757,844250
965445135598510,1180258
917937944606030,1176619
461216017051609,1146028
1325810646904940,895449
690033720277721,897356
692084895964393,1073281
738706116226829,1273394
592019976662309,900442
683029177064439,1242717
1287190754474180,876431
750769114470053,900442
841283064836417,1200358
307192813440757,1078473
1058354489004790,879323
1298466554483250,1592160
317591733338443,921975
640192112882569,1344059
830133774578433,899997
317038048391134,1151470
486098144401999,1181046
498508357125994,1437919
532177233419604,1163859
905923287473590,1624382
486189706289770,1624382
160671048253193,1223296
375297333525213,972904
825689039625984,1124335
730737685897993,693461
569086785087684,648332
678559133310939,578812
422780959800139,616757
169150416374360,618448
347847886607189,712979
434665750991317,1056964
971573841051110,822673
490400296319834,640813
1048000401629500,991575
785055917803076,847106
248608804859833,906138
1190210940003820,681057
1174733556878730,1203999
1185634987814280,737965
810981473274673,752219
730528682328781,737641
346989260121176,912233
324289430629409,818229
607178283446506,870267
1358158991234670,753593
1065651065412150,700119
223406906954309,604847
390576705554333,849143
590545451182584,829373
888152229834990,725063
930829213497790,1119406
1344305656598220,1040827
172054548244271,1846869
926760764701896,1709309
953817654740754,1439342
1397813719950340,1183547
539662468055013,1539510
159562506197673,862349
429242366561424,782260
617361069988196,865150
1027654006262460,965615
341735626620159,992416
1376211262472930,993892
1047404147911640,1285561
193341668601270,1178466
1176809985284660,1085193
624600372943567,551838
993450252489086,724052
698979162880607,727373
1080092385276790,1340233
337865380324053,980643
419745534956553,954061
787335410256171,1228750
1380989353390190,1293861
1138735049788760,990186
602966797951986,2187206
565677761583536,1968216
575791478462430,745443
1367526935464120,883237
1095792393170900,614790
324614856144676,846164
637981339873373,1466158
590672922456630,1051290
726192193298493,1341167
379605550562761,1403467
867143246832621,1349954
1259632354189470,1405840
346033354872309,609477
423039666537486,1277899
300575003844529,1694584
1004179088387290,970009
418552946007689,743992
1335709933839080,1077261
434178254721170,1373123
321200004192070,1550854
891439201037221,1531348
607006773771781,1211315
263096441433609,1211315
246797787814007,1622374
251649215306600,1109839
1223368323874080,1329908
1421362458813690,889765
1271455559920390,704869
542668369975903,653068
400031345161943,1126806
467044073032263,1283374
421599654145043,1143899
1379699185008240,1325713
406215350273656,1152488
1379393284729740,413832
1251577088445260,509474
829048526336144,2032813
886973816311691,2332659
188880250848531,874634
176180110130936,506572
242486960262021,504707
1069162134118930,1292989
938811211874083,1225983
344214126650430,856560
1381226539073150,1517852
666799286636267,1174226
542797860655311,1096014
1005873611118180,1614853
877721879652106,990590
775891875754954,1043644
992937294745016,1094289
562290719365020,1597711
1043409666843080,947306
1065472658228980,1156164
1381382524630560,734082
736414103256367,1297368
178729136351341,537252
1047879122728390,980089
992410962425480,722225
978209997498624,1226737
1008006015507110,1388189
642309739319087,1042212
774581709985710,1007793
895301403113713,899010
1369937823410870,901370
386301167177421,1551067
418271670417939,739690
347766258812977,944885
329186464008636,927724
415866160437761,924936
679898347442079,1083506
1310442572445400,952822
420610388722129,980387
948479192855680,722009
1396510821138830,652748
220964515289599,782524
531352771832877,728036
573625904292451,2992727
1177172170267560,1005288
1162813030916590,729551
211520438090203,647051
911709648418317,932470
1261468815129030,1063251
621114938119149,721936
1233451747131460,792811
973048727939683,608328
1268304584513940,691248
452408078212686,589817
519433444979539,826870
634779145714923,779042
626975931605980,574328
644695327717644,1330032
664825316902190,838504
770771332854817,919124
1023505172122960,1921227
854572140180713,1572176
473538297689024,1161999
1329375723111140,1142894
1093578468723180,894047
758207274259540,1479146
245120525496004,940879
847994759628257,1256723
1045984020864910,2004064
211157934206826,889642
1127382037222390,1125581
508522952671466,1584636
884792625180721,1375833
199971233450963,1330445
687458526905799,1205683
445559497484506,1299970
850877042185293,1194572
588364083803434,929268
1134245545305720,1325636
1307899387247830,1174991
452499276340461,1265685
1299088063149060,932324
948568000448967,894183
672570208884759,842567
1155667308165150,1306801
377196518358780,667988
1113541861412390,826630
467051120293919,949426
686138645027574,1214072
1342209300371870,952860
593199579511881,877081
1236961008311090,1212462
1399337960216020,1027106
706349919689394,932142
1381875090529760,985338
970579511659637,1378249
1230133670016010,1258724
430787652248580,1315394
1421910930537320,1254261
1396087826351180,813926
600202154799580,728202
1050176448699020,1087073
1385970030211830,1042701
342673240581926,576697
1274564181990120,835244
587720654966444,1372616
1034544544147270,715376
709432459140451,742224
328147132792291,1763344
907716732090300,1833263
1187213831173080,666213
238224086450899,836849
1201715495141220,832841
1254523915856620,925108
537640788844909,1191998
948801245203676,894370
369699356910723,880429
434774672676986,1025801
1220818579870690,924575
1194933484174740,726291
468502013228446,718105
310658246678921,1311337
1180758155240780,426322
348409578413517,813535
585919767188844,415872
737040894127224,699311
1254986427371670,735509
1380467580395030,846517
1322590464428810,900865
155721270778890,1004552
233327390533703,1001063
733470353413221,1133235
206198156483436,790518
174346852226171,1418815
685955809531334,705692
316783078949740,1438247
1214880398907610,1475955
1384435308882140,914014
1326646904271820,890792
515570119779734,778810
876357771169134,744266
193380066548016,738491
385254365576981,718825
413206496333650,759199
850182051133711,950672
490646236326196,1370491
1407793068307410,815799
963066116118657,1413315
1251732228600840,584718
1344622368348130,965156
737991674839253,1196593
285181452451761,674041
345550522169441,613616
1269896971736220,581441
893253209041560,573075
1286204399694150,586746
1281498051178400,950653
344601737742607,904398
977788158680870,857755
1319600590286590,602437
374733085509329,493788
887001058660921,1269150
775843311879689,553896
692295525359783,567603
713865005303907,802287
1167827749352000,1610669
802127488457904,2500616
891180899564969,1197386
860435654101999,2224105
847059866753900,679733
872924086847790,502552
276676243330599,556961
1151432716183740,592868
782474967323720,612936
1177803689411550,560364
535657779842116,1156669
259823652282547,865204
347762580597367,1154727
653807874244016,1633706
1348411516145750,561434
935053302406696,972125
916359878990513,1139225
820451168758781,661001
1363842657877190,661001
819449167522494,1201775
501468613218419,1273933
242818232585923,904158
586543602173286,1414186
312059367401374,1015395
1391792421567060,667327
305649750403080,909933
327503647766863,1259899
155991319278747,723908
488497133588830,795351
532903452540880,761972
812518466823539,754597
410555321212540,821434
596819944515697,1140808
147662111270850,846126
345988863079157,722032
952088444873216,749216
341238814968117,913138
1257091124280680,698555
347704257471983,901996
908913405348550,849418
323062703627187,933793
1215137296541020,818288
816260072375117,698462
1272110688940810,834741
1320209587663320,838434
1048815863538560,738265
1033818060920250,703101
1072729890526780,829277
171074039099723,739114
253909174643347,913138
596660555723356,964755
177069889966547,720893
425808425424499,718801
1395715154985300,861584
1262004988126080,1010691
1379590332890610,867656
984765903064734,788474
264206224218130,732306
616840310124511,716702
1218681398043480,711648
232835203753804,778857
617267869800627,852720
329596410676397,747744
193018512279919,733108
1223915783759150,761793
341653798029601,786304
291813746960127,950522
152803087193134,697807
991799866978887,925756
923725136284446,1154984
750880415193887,1005178
739036021457420,751364
1090498840935360,726194
361286867652953,700948
257262634040144,784771
1148667126552720,733255
365585516358109,783147
691506980654717,691902
463224850077991,874044
1109954446324220,699240
147780312683163,725536
1320318676526620,895252
423782533748260,1201084
1194450956147030,751452
489455006607639,777986
677101457560166,855246
589468274286106,767658
590606182637261,840597
942616775207093,920126
770309393559164,804837
1342260152842730,713845
1167575985696220,805596
1141488734482880,844041
1015010661353750,1059623
923332897530431,900088
310594890187486,736874
302707332037647,784966
1218921999140390,800226
447312361028644,765641
699389005644499,699147
1288616614141750,656299
692639197425439,696225
395263284653197,785536
324181390046707,672130
1012015334500080,1179774
633736668283817,1281494
887763027968054,1129721
880884650072247,989646
308424246511713,1200516
239209827423556,998444
265911797281986,1049888
1007963454872080,1016869
733733823825706,1122574
160772038694550,994691
1081458128164250,1186442
1129142441562550,948230
507410361122557,1190342
1413810548417220,1182123
385750336249184,1277389
262520512047181,1294442
1380459842464180,667575
547890246923311,735853
533616942987113,703068
223338652453330,723694
165907605213710,992066
217257093670044,998208
381731787248077,1310892
1045958707631670,1487721
788882530633601,2261913
1254926783631680,891311
440030469812411,753931
1043235017834430,791145
533109147605266,630882
417881978932791,1151654
167554380952934,1104472
1133598284834020,1126276
1306403315761080,2608141
810846699624469,821899
1418425053470900,842345
731294786200684,538993
612135639473306,787322
817222287780870,586955
1118108751988880,634762
1382189614078810,539886
581241478970819,666333
848643625956033,661990
746810512285827,572158
389486936426516,593443
571868801750960,1426269
302886117289320,1155129
1383635777924280,1654761
831737265323396,733320
1101001144348290,811578
160748132278761,1125832
190831147807601,1427940
569882605304863,1159994
741374424492893,812563
778404688962899,1429202
1305284314136360,1272099
239285112212856,1087542
261080193424897,1373532
960455664016647,869258
1096738092810360,971563
250371950677517,923246
744997042396280,673117
670355622987643,638829
857461826040083,650612
992151289650039,854457
1034698078458770,1120455
275351465560587,752262
1162516138447900,1236817
1330931678269390,816280
1147449641870890,750214
314895545148590,678970
711865790928306,719397
843008308471823,750214
726604850968949,873571
1333696645067600,750214
978465861717427,1201998
1045389280689860,774688
555958123625351,748675
864013654360711,1038660
1148651371666440,921595
650305057821091,1750235
1150249307115740,997344
852776726699804,687206
916689129960594,824085
567934662914853,980000
953544410052709,816853
558177410673736,801095
802192806203283,776118
1091351144941710,940129
939648779065641,739935
1291143163880920,951344
812438119647360,932622
1232851359365200,1432841
1370028072467580,1547026
895960838607656,708615
1253719872921230,759669
376099774201209,986084
672330677416994,1514826
761542459903081,1497363
459190824993441,1492585
318022157447140,922987
985578110924103,1531122
454288690143650,9561966
758368958593040,1564548
799968760542516,902860
906180728784643,1319370
494325001689220,1177692
336212023854136,784276
1398596904697220,930629
863452768677346,763098
187794063241739,806664
741631706813539,741364
764186661529444,838794
1028430003998010,632961
445249947082283,922094
1184851731262100,1116679
1145111041759160,876354
896727419300339,1013195
1375177749411610,1269810
386731096631774,1105999
876261404882216,1108311
1136486973778680,1460139
1228260391882000,1415065
612241663328819,1416068
221077414596693,1422327
498949408374869,1141817
344133627515804,1223903
852879187680493,846529
1397077168250670,833308
678355877278256,1091708
239719444313424,1309508
879546234204457,939784
743753487193559,764663
1222381757574850,527145
1145846779824240,562969
542589980837459,709155
753364610623810,625783
1089982765200150,933810
895106104186794,1138696
833437065597477,1047146
1153622298471300,998071
469729756970487,993908
655103556361939,990241
434766051505924,876756
292068577875660,1127517
1125454199481610,1013079
1099562124753640,853923
505657240744230,1072610
601282688036081,995060
528761266375467,2136032
845101448983651,2186273
740527053236036,902287
315333271819309,1185914
150455546083331,993080
807994153689346,992803
835311230146909,958622
719313921192696,1078483
1067968692206270,1708360
403507379333164,1538369
493031160483640,1682451
641471690827854,2079063
412981578061743,966498
399643636535980,772575
810372883177994,1000145
881788143415741,2079063
805268595109940,998994
398930070726441,1088647
931087359282084,898507
1246998834747800,2027673
1024026288632800,530179
1310774455471030,1327036
615232959293616,879743
369783924367883,1066536
779829605267613,914750
1227502608750130,1519154
894145716715560,720449
1039423323388090,3471276
490704200564393,1957479
300924461313066,715423
884987982044124,669653
422683808199847,1202096
703427632747281,1542127
655714249455960,612321
338795615370981,1120301
296882238919024,963086
979659124841176,856823
522797408642546,905748
201609199889790,766284
741235497322546,670015
1201466055456230,603876
1279532683400120,1161428
317968253332233,641747
1137936586639210,684562
199469511814014,650874
469990903718900,565690
322194255960460,919472
463540079582024,1741707
354584457665520,1152841
309606323747923,969527
404340374692577,901471
1267511791148000,2446088
1251098731898200,814914
1187328526287080,979544
520896636509361,766832
1115943968413200,747662
168895120301639,746924
1001132136414390,1121316
738983349935830,658526
525376717869036,668053
1263299755188260,659325
344850628276537,755433
908796276866491,799454
519538700175876,670141
1219671270854830,692040
173124117573250,651948
427545969139597,496658
650649641710099,540535
635938060104273,1202328
349774920704820,1019988
958739243501440,766999
697320459003520,784964
721162986610820,1040699
642378968010190,1888820
1165150823739400,786948
1114934023241590,1339001
813226385265894,536695
223399248600057,643445
1350106508192890,1166439
1082867400175310,1229579
467887344749967,649864
1197105444747530,624887
619404393015151,629763
804033331278239,887265
1146108505611740,1325356
1113754091727160,880697
195810904405340,1441724
819032264961297,821837
1037836899143440,1134268
1210498894800940,765763
194004910031924,1153702
725951062811540,772408
328747680545381,750876
1005654748211890,764510
1132735040220860,2476291
838781366881336,1275691
324296808617026,794761
862639726009347,612242
759288731181780,1456874
544854038618864,555295
1067711088112830,723641
274951981638710,1038750
1300121792931450,1483636
318058704048110,1206545
1329824059432680,648715
733207421313680,606212
600190431510306,790660
468666819500984,891053
233700476333611,5148466
707774774834869,783579
603962575908371,797406
1362917336611000,759579
1409366963013430,961288
285960769315920,1227748
1151649613119480,997145
539944211078613,1061125
1078924046148250,797314
243673896651890,1641926
883473835945520,1754971
1211116711716690,566045
412707163844386,1537090
1415887517388900,709558
151618525751224,873897
1096358358032670,715599
531521070781034,883988
306761350151081,709479
720735561274047,1052475
1010619868333970,1018997
726255811800350,1046072
427046190098321,1243399
556752172604947,946881
627126802418043,1142045
1344189239666170,799969
740616245345004,695192
488307062973089,1350231
1092494263609290,4067058
825136259388443,1388654
301327656340457,1570716
974160101834844,880529
794702739170113,1186364
861519828020961,709277
1385634879520200,627745
434006385638031,580067
986004988604266,839964
1426577778923980,820864
1340707689077530,1963706
842357879471886,2683240
406798233152949,605658
461287198130597,793360
542157739601164,607258
888557802510840,1205808
340155539266760,993838
948660221865267,784333
1384892143018180,1156975
745214404557737,1501387
993917593707077,1356407
894922691631406,691760
606056637238269,437768
375563911048076,455844
1107659421385380,625671
846247293129864,1078740
149412117996986,705573
165797354063657,820254
1386505601098540,630214
632536188284433,861824
1165721166832710,848690
1351883092460050,1607515
866376832187426,949271
600824247440079,968151
796547558037820,675288
658954983644803,814382
867380687540733,503300
476407628253527,1102252
1100307246935770,1229807
1319832431302070,834504
1402830701643280,958275
634506379498077,1763434
1208694342123770,2083194
442054264104919,1086760
364754334757360,1450694
153886352771263,814797
1182731436234680,864845
877779227741423,753781
221937032454284,939659
279772989967660,944766
279283704954970,865428
593257776067141,707743
1166388394312250,640213
203183915758110,888565
202460879805924,1283439
1191474853395910,1266980
494724044635424,833196
272769637920716,1227128
1360941679397490,1226630
283649791200330,1819207
323562170950299,977196
1411120060161030,1005490
912281363347584,738500
854273505872957,765751
1088067484076670,1435892
217381355909527,1396845
247537953379350,1362346
654544070426923,1002510
223107761851466,835952
671641129556964,1034084
1085967699169630,892000
166107853254863,3402915
315018517833917,583422
777440276685593,757463
1299217861241700,1026581
436499202674903,731729
1147266459559000,1106164
864608920221054,654827
885471352260449,717001
766576545194161,609851
1130455453761470,967753
148051602997643,614829
330387869848677,583891
579551475771366,593818
453502346385230,1340918
523751598417297,1390316
956076526408910,716060
1328369596745190,975696
755554213281540,999992
572455594514849,995512
236828490557803,1119601
896452352940847,1150570
274490106457866,1839431
619885842614950,1497381
214100703486969,1020900
179913954223957,2684466
1325061034664990,1500409
1249089097422420,989676
163953115655190,1362614
1031859148166680,1214211
729463275865923,995512
432074180948070,1208612
784559696228220,998803
1371147148265430,1225031
145134749219879,3163520
744256575256857,524776
311960535078851,902998
1127522947439630,682491
934311097938199,1388287
495757433965534,1238892
1315708147161840,798680
514712787255991,911393
381034798521681,1166902
506226842932810,780149
1276272073723170,756227
1203308767929330,792522
869749842425510,866288
1322591329168230,1085017
164803387849100,797508
1152799429389200,680218
963518279432349,646250
951022453550513,817937
675592676658106,858416
1338105820033960,538701
767394776472767,682693
329950442107176,609934
537137947931729,2607699
970934842211169,1049500
562732941082959,995001
1305321836790590,568064
833646220333520,870767
918982993735803,5270308
402702208506126,1361053
199151083464776,1383100
1120605575340800,1246339
260228462211310,1356927
1250128074938630,2795977
1268751577206800,2000177
1275269810095900,1123782
1091474016193080,511902
324203320148094,1004432
369241737879721,705982
993581799442636,2095793
966327264990810,1657290
1235366571370050,959731
262745532624407,1180733
1012093975377590,740096
688494644204127,765442
321442473883334,921785
630136702883733,1205960
530797957163456,673542
1092620432280890,603866
147799920768169,1036491
515329934109691,1202042
1320424845385830,806659
165416206330540,1710028
749402816336300,1305140
148134120338364,1348445
1004238081332930,809738
305227912049113,754057
889196292427420,639093
357444749750657,1426798
818239827985141,15614121
1099894636261470,823482
719608918522184,800494
263715829145814,811948
1033833121387030,689003
392807006505141,773936
907405785972710,873077
449953313737040,4892508
1239173336748270,647355
1133479479703740,1623396
711826968231534,1969226
154596554680989,701439
558319235330044,823246
1306697728340410,710526
1026064195690920,1003484
519125880137953,603419
503783866360247,631127
1183029413944780,894007
1207292212693700,1007377
293444503808590,1095050
571273385769619,886758
925704617765563,1262288
809571641144064,831747
712807307799247,1704347
822527395930303,1336646
704274852344461,1497058
255239764761354,745831
343870095028650,645546
205649624700317,1425377
591081023345950,732779
197278262752051,723528
1121153582446380,775680
1241657559679700,1145702
298019001825143,1700922
1172651295881490,755502
1410218138744560,647632
1101963827012440,1180054
1396883301117050,938672
1157867789560360,3234875
520402152532253,1168122
552097438143971,793832
549099847816993,1434988
814344245422350,1787498
275683401216351,1723767
1269426641378230,1188007
375671529437349,1192816
674823645901000,1081387
1060882832604230,1518804
1043160193534600,1780824
461619451203027,1108847
710110308553443,1173489
1148944851066670,1044963
515761150242254,693296
1065552510317560,620233
1144380195519420,741091
1093207203230080,889102
1107468697565640,856660
977621099912364,1099035
411981034887651,822000
527325436630726,961768
536732886802670,1224009
390156829647861,1168825
812459205168851,924429
531981793773286,858078
962509978052787,1050880
167610673984726,1044564
1312774924842140,946878
344199040778116,938971
879493275826506,688625
1005760967365770,980193
207762633601921,900841
472709331895243,2299672
927104345744933,685195
1038305183307340,653098
1054752518189070,946287
212272415979491,963937
515847488417713,717264
645392133764887,1555274
579948926137190,1708057
706559527918800,1318883
1245373770673540,1816582
294904308337310,1944250
298094415555274,1444199
187179222201941,885334
247335238905493,1030976
1013561579593390,792512
833927484923610,592864
477719467221473,498198
428022444720061,620066
1334543433737610,696934
472972735232244,632515
1377617047068070,939187
1161933842012960,747236
386969485779991,1080962
703581268688006,1108016
445981638406563,751260
1088594097349850,602241
1148315182791140,622559
912934869575430,623750
186708585487824,873906
1341998542850450,633435
1010097501887790,755231
1326781193493990,842599
382172305122471,1274946
1134410503839680,677114
388093633839883,605096
599403039848059,563538
615291204844430,684370
789149999141476,977971
681618680172394,951195
1045605009765200,1161263
820429274269787,881760
1103888491272680,1460505
486389182985243,1248125
1180505292790830,1164526
1203495020843390,662755
1375328414399280,736195
1410062703470900,1021783
506988907593363,833961
1246226104546440,846984
1283163602291200,1176198
1162581085650510,1122795
1033867428853170,1176388
413249925719159,784238
794434099067253,688353
323596106986251,699736
366348897376657,799247
535423099335104,1065152
1274406932754550,825732
1082768130808500,961428
545721527590134,1496679
1327862811175510,1101871
304640721618043,1003908
903306613467676,874605
613176888769316,810003
699776788701389,818059
1229956132674420,1236469
1097392121593730,1230246
1019426850309570,1216923
803855700594370,1110727
1194822672437110,1309175
765896447046407,1443888
1232745731530150,1376518
340853987600173,1348206
1155716906017080,960866
1201677338852380,1089218
747429402349024,1208969
573960469703696,530382
538704946692979,1195170
1091620015997220,1192465
852426725073901,1548087
861109611803619,1141509
597714613359374,1448012
423281363470209,1646234
1238276557169640,1418269
1133103176737340,872814
436922102192509,902138
979089299987174,1377081
450885807447396,1318603
1308518315141100,1418269
1424389914810450,830359
445997610647893,1743450
195018384444097,1264408
1344674571782110,1835874
1002204398633250,770369
1420788152895080,713721
1299068126121360,775897
1101121803904890,775442
326194827106589,789522
210359079636650,1027023
428381447534400,2561383
723845815615343,1290947
271937930863427,1427192
1331026899555380,722257
1000867246401990,942110
1222175122215320,1777697
273659617056739,2759922
1031123174732040,749257
322022327945014,933496
1033966318825020,880381
608034012694151,740468
929427107922123,1131088
1029405113594190,756572
487276268600036,655563
677016161126644,1553282
977947336422636,1123763
583419258572843,937322
771643721276873,2821777
1131809949948490,870692
563703469277201,1421549
1379319187418990,808547
271026710715690,589570
1279179440042960,1109264
391215653900041,1243852
847218611655416,500827
900708035654971,434541
1027546603112110,430511
1401205936290280,631703
510752546482920,723354
1365721625090500,970852
1057044192700410,1184222
1391026395167700,714849
1062250789218740,760523
425528527301683,811262
1379623353462750,951158
1152349082642040,675369
230299103334520,590596
182952388407590,870130
989050194295937,1139297
748129235851571,1232202
729366169871121,641003
1367529627408880,641003
1220842271825750,641003
623623103091413,1070954
1058381721792070,3581791
980846541040343,892823
295491897272374,1151380
461177722081949,5054711
589990584540091,836891
839699850818780,753993
440555947673644,681732
1139352524451380,7106151
1251945766415630,6957256
486401802446317,669154
1233462495294020,1653489
796245088822397,688970
466006202373660,772257
606746647962100,787586
152141648354506,1124995
1073394734646180,1812527
782338518940629,1756515
471381108288397,1701077
177127136653250,1096035
1245364157017110,966064
230969404880931,1210794
516538743004853,1022747
169654713114917,1421482
931282401207487,918895
720850320601743,992370
1276365628768300,796191
934333505557027,1297678
597865347086996,1428629
962140472325694,1388112
439695579172403,1231550
1158413559797550,1908515
1393009839142270,1198719
729883978527466,1942899
995308149979240,1277050
342305017730090,1509851
1158570359672290,1520389
174686470226931,1360326
826592395820991,1759154
418478059996319,1447225
1049177939165290,1016939
287004094572811,1200884
342772257689291,1109291
755447872467646,1746441
1259340703673940,1946254
769273312587289,743867
266670517354746,1232170
437816391139421,774726
1285640738219590,895484
158920370215283,736414
433428738731751,809825
610780651478369,789411
710408267905244,1037524
721476440427757,976534
557422518908317,1263951
266968583134397,921379
1182253454827040,914879
492090227592906,494668
1056883847254990,451109
1401032477939200,1016643
669605210898191,831845
1254469766111990,747800
347965731950209,1210871
360377980216876,1795271
1064600630355450,1209788
698135413097721,1417650
497103911796901,1209598
1352878613504180,796674
205102914339224,992260
998220299373859,758024
866406697980281,983533
273390903297474,1120201
764911609670324,1102226
1338036544891100,997999
406410113091587,1109935
868340319063187,1116433
1264548887628320,1015873
844440395033850,954200
884181532996909,1018270
452236635082909,1128511
1132081536035310,1128220
1111250783833480,999922
249586410851533,1124245
270998846021850,1091964
461386757934916,797695
1279285678694010,817394
1218570215237080,721996
815046553887040,1350197
202335609527524,538892
269838095654671,576972
470646616057819,1076745
1169481406842520,1142839
497671077558704,972461
252138583678621,1164525
392033704788197,1210957
494982152646980,802220
835092551563763,942563
287094356031406,814508
1367246730195610,715320
225596671498876,1299636
1406875399019430,1516601
1361385960090460,1307346
512181305543346,1481038
366437630989790,649941
238424759577256,876002
1284020996199970,571938
470165761870006,414574
692498928156226,812636
1001661108334050,575993
240184744946921,567214
163834646713789,934132
616009454081960,1198641
959663576088791,649653
1060204592933180,778057
1190453232623780,893891
1276040970779350,571192
1115501174265410,1036236
958100918543674,900071
1248249373259530,705524
186961554857600,677527
1298904911386430,731525
330363206165050,1638792
1324757334729700,1090737
1172783868400900,1184290
1364771359713090,1313358
678448357690766,1203270
1025116007637460,1060835
363255266071881,1191051
487153193133994,1158666
825076861366773,1026552
1061049599472290,838860
872610749895567,1226234
1222712662055810,1609163
1302076954083630,990864
1288421168050860,875627
862511142086157,1286050
248652262568816,1097733
218440483016686,1734221
1341281376076040,778487
337854531790743,747030
507555157033407,1910242
1077659151872080,1086647
533928208666906,1194395
469797947711207,1098791
180985805008564,831988
238223555323723,991917
358345637227793,897812
760995063558173,778915
761141573315470,762051
1163316425794410,801167
1423061820316120,980707
344493436870389,1070519
1234934608337730,953015
1361833492597780,912096
1096377851118560,892884
508019011662606,1118072
698794849181529,723261
529653072089526,1227148
338335181876590,995221
573320292178594,1229231
374458834597717,715052
409444741737546,627274
351566294441504,623385
1204954038217400,1085930
344530596828936,1000008
981379432091871,1131227
305899847855077,1057934
1404674197797650,1018610
1323169533956920,1156124
611827410252909,1033695
1160212554638100,2194001
1142801019863470,847177
1109536862235050,1197479
477493629560127,1674858
225848720263880,1046446
806814009798644,1138599
907440386858180,1961487
745727874132231,1467159
796194597999307,1063502
1199659856194740,1334955
493040703354207,901566
726942484703339,760065
346558136666937,711537
686750293462399,805777
1024180850280560,841488
359005907525514,959884
348297373022880,721935
521467488304951,1209613
766894262915397,790753
513937744324553,1550986
575042421397161,1259804
608567583019167,899063
461666212817530,1056310
913168788195081,799471
201261382629906,879030
756684046700269,887325
807502564478654,630362
364863334222403,740451
905137483964814,639698
590056252366051,886501
498836674507003,698684
772146797264176,712902
1128932109529640,1421550
1184826278533500,1455186
1079893949498310,883339
903723287914917,961591
368608772642141,1817395
601808234027787,791649
1076880133029020,788901
573513485157357,1260287
612835132471379,611210
728300769937136,604575
1014209499430000,1583222
180634992199644,1927431
1160921596078090,1610924
1064597912757150,794109
768569671563949,852408
1385804786263950,1034827
612979781342563,1238709
1265210232678890,750665
758578402991636,742082
268940125197740,813315
995710881159734,1055460
928786502496677,1232446
581274225612999,769411
212238034655696,652986
1039810594528640,1000400
868691146828864,917755
1104547979914150,897568
1240087406763300,1019609
194855248846180,710842
955401526318714,867171
420062522992114,1587593
376410874445257,422239
1262184899185130,797929
997727098242830,631152
917456490936346,936680
871795030154404,797450
659232916710011,995330
571666149296036,1025346
369010316212063,1828283
409276636699569,864987
306280189728046,1017881
712605149847970,869401
1188425988415470,1602057
956707807583879,1368798
540973443978343,1090365
506649460033813,986420
687985861091599,1056848
1321543493190760,1113064
335068998427810,1105220
764267645915324,1066703
1302408800035630,1220431
514577305157143,884009
883379658462739,854577
1180809854469040,1134446
1076844793508160,1086881
1185972980699810,1548101
1326193668530890,1289039
1231913350329080,1114938
1038486322193610,855334
373288046929467,1059068
500626402866999,834532
1078860506712630,835702
1207326425075480,939405
435817027404576,809564
472513919919614,1243930
190944572226070,1156581
239851319128916,831260
265451288697349,871006
152261018322874,990826
1336287156047060,1185610
1095819246159830,949621
985158912720360,747367
618363345318234,1314983
1072097485420950,713255
163031705373839,545814
1302574796724410,1284556
665509055721674,1188436
278507690461014,1598611
1295802815749640,1526796
1099039095987160,1640397
173526322210376,1255119
919392912980169,906941
385692048248657,1327844
837733854916861,903745
635878985317669,1290992
965160700400066,1653007
725647769440023,1553132
734343359666107,1220289
501224014038183,894977
577636409113776,3380070
1146309513751180,1593360
675429398049606,889638
1234971947412240,1043748
438093825801266,1915134
405848321270946,2242679
195180302293787,1149424
1151701497914030,1055326
169359812721010,1201360
592492502616037,1047025
589378629338594,1201360
1254864805051070,1206466
171224015305687,1238920
205871584937454,1148607
1237899466349880,623607
1126749034412050,1461720
194517009377027,748157
195334297803914,1087606
323030256040679,941747
298884763386970,772576
395731263862146,965808
1190522921050500,500009
800037577901119,490776
1068101411398030,500009
1208470292384930,570116
1318233983200930,1338142
672776246686464,1445582
1166926213876330,1144202
883047020582664,748585
607581294888856,513005
182656077870519,824001
755244882157183,944010
556432291067339,839605
1194014675273220,840411
955603764724309,498397
478001014513234,958482
393102948191724,843032
918469608875620,868486
1058010258346590,869958
681190717823926,1128856
854766165913811,1133420
940093205284576,1101234
880683239909467,869868
934797797583700,866357
553121379109187,758081
1207606046837890,1073522
714538039716826,1521983
1251287162521250,638903
882448426551346,704081
282245873961576,1210997
323448492771031,1469046
860594585167670,805397
834450498167947,988593
171023400647893,705927
810205102890866,896679
880824803185303,915318
630893624259211,802376
800696925889801,934303
818424748987637,928853
1105702080741730,747705
360750318226810,804469
873077243578376,997492
1301049059166780,995817
182956741388267,895598
1085791541207190,729025
1014959069898570,550862
1032328819155690,1170822
1098177223958980,1129513
1052575820246980,1370184
620972490171394,2127464
888381661499236,999244
351796372655666,1023380
1221173335505440,1001762
661422696317913,1075763
1184041671215510,1069442
1299203282665700,726612
201336566530870,843075
1410639136935260,847694
467161801752440,1600163
1409464798095690,1343133
1321043799275780,1713955
1015859075440330,1026934
1397056206508940,971197
608194800827617,910479
1109813174276050,669164
683199516861996,1020482
632761601379270,811114
474313384162776,958938
625706924794667,689231
648166159660884,715979
893276409485684,1758058
1065157464989550,1035059
852632951616924,819971
534437071973420,1433653
792752950987180,584442
773261938310169,1201745
322940317603467,983931
1098023537253370,688016
641735966170244,836833
757817376698103,991826
974401821278824,932971
581078422587433,702078
1056219331893870,1996731
1167303710365640,652079
525028743025220,1015193
1386575157852300,1029282
1061724173496710,871964
1188286630736570,707162
1246229944176380,712034
276508481813723,1186211
966990475970889,892662
901747202563501,1240815
964564736424699,911200
573018881374153,905571
989571339554047,1177619
666908931511750,1031203
992108550027660,1414248
328221860417191,1695805
590138901226164,1305595
792277107074050,1025289
319221068804056,1067468
531413973218754,980074
1386568849220410,1086316
1421252493790590,922363
314529237961247,916110
554451051935286,1125277
1072729981202280,1218653
270171423572174,491953
737367547356783,495414
1132769852194100,1037450
705351859903714,813910
285891881374751,1001532
656399280814466,1200244
980438231291739,851855
524885203280793,1134900
464147910997626,578701
355644899846204,1098137
292711591493351,951903
1319679454717330,828810
296820484909057,930381
943458364343769,1104874
379973797366961,1220977
762126494899496,546331
824157140923164,613183
475430792506750,649022
299088331650721,694531
1237961583176020,556468
790783386419847,1109611
1015410194167600,561635
1136290951721910,1289812
275663290489230,885857
397549485330051,763971
1028880006198600,653533
725677779298564,884650
291870442437670,910611
724108828930233,962858
1084744450518740,1126879
442960372818424,1511027
959931388027917,971784
577780631591284,1115118
1385789011559460,999366
529661718721023,944453
906294086726486,1718664
812526051051210,998942
1412328093518010,1119812
600126417611080,820194
1003359267216290,1807819
1303868974482750,1029010
1290255973432510,1379654
895896573845463,1501257
694861216629066,623819
1223457364364070,1136225
996755678921276,1234415
526112881058056,1326825
584130874269359,592441
938844184960281,939956
1145209873010110,692997
1218184385966120,1170984
1231592079328340,1050038
377255069117734,1216841
1107463566640100,1158549
1297827706085540,1895170
1348179542830270,870122
290154488955880,969942
453308519399769,902743
654685447054360,1037221
1167921632202690,1053276
1359975341398120,1462740
473416567245159,553439
752295791034399,776626
630898678929173,588376
1015923901553390,684494
1347475061782210,1666119
710100725889490,1052285
363323923272409,1274921
1140563483861270,790495
447859826273474,899173
1012603540829200,909760
818603720230457,650025
1220751573189590,819066
582843888283399,671488
514987543736669,756680
1287903507458120,923210
827442382507920,690277
365300873976021,939352
346562235307979,795799
328427885173499,6771963
325665743194209,511068
1414312550696200,890740
464417912327149,565647
1054887713239260,729166
633514606944083,746419
887574885245679,806613
696219936903741,645666
993423096648951,880269
643304826560367,1219407
176167566070431,1668117
935361502411983,796197
1304771654929480,1780366
499809944316254,663725
1377099015965310,896421
305355520986497,969661
1393118635636890,1007660
1339168064813920,1660144
327928958187487,646289
634622370006234,1024928
1222232742398410,1077572
756238223212247,879108
766262393357609,1475169
934066207948530,1000808
303017303394934,1342450
766400473793190,792008
874353940727944,817980
248055002083883,659408
996708971957460,656812
401407404247666,715232
154634648731193,798574
1351077761897360,1239880
1150820332286170,813990
381949558556083,721140
853332295474733,511277
797329482403700,957265
577894609861816,790426
143366958697316,1171833
1288050770954090,957653
1196688207856390,867387
1119573789715710,934399
472243141390264,926063
660315315240863,1161613
811438813467564,867322
1158005025988830,817375
998319823081103,682044
518373492926191,609343
578441951088694,636650
1230866456100880,627799
254539821943179,856059
724659705391740,898689
1104101061163050,868330
427090117624799,14123910
1156566802748140,828153
1403115102794620,816097
365394024903661,870735
1175708906310540,871780
1182237780289010,777380
1209684265774250,915052
1360830683804530,1088535
793192505668176,1218129
1159673490561080,1019482
596381057585083,1628622
793700726197066,1145293
869302134742694,1014673
1316475932260690,791608
1317182682935250,846686
977339836858397,796787
641222341380216,985229
598638873816306,988424
1373394902532220,1697785
564039653397167,2142994
564138667287181,926962
1250998367739200,1181596
308447201524533,1006724
920229888143786,1125103
1249672068655060,1736703
835318906221586,640011
826087802675263,575291
1040967307195160,583750
1031400543510540,588823
683370202555547,585257
997777283722467,640023
545193066698631,631345
625080965234023,1588401
319939569632990,641982
1402926254027290,1161380
1333357000784070,576914
1190907531763970,1308739
453640649756454,1199324
265553369496254,760822
1355789234029380,720749
264704040668161,1247796
164463200534120,553616
1367380391873250,518694
949720559726896,520820
811581791400950,1034989
1319861179910870,789307
938417542414326,1571768
1164879845285260,1192651
351701028803066,794969
162178150839376,2814552
1036656453687300,1107967
789867224560049,588821
443437926441870,676543
1146178886175580,1160196
480939960898860,1432633
680635496581883,916975
957496034444970,1369285
1118241262276810,3132684
1211321764735720,1411530
432225910040771,1794945
1410713844963920,1526957
1220498262018420,1450544
616045918416174,3302965
961477219009400,860049
723453915307554,969667
749650797765221,1034431
305609792237614,938885
654005890857423,856001
453175373408127,998159
308538948530217,895053
1340634914545360,1463959
1342830849193870,1330981
876341964421891,591472
963110505883996,587301
569906859121367,764630
563098270681251,550628
1367742969484940,628133
955364399339470,673055
448975274800183,1060370
384435215708687,1107718
1340555350794640,732137
183429489644694,544128
165247023905400,769262
912241286844841,608531
995719562074704,818926
578412093930613,1022834
955210208490880,699061
335022139585570,893622
511685875101937,821563
809188211662367,649389
354009057525873,687099
1062989016091830,607536
784638589664779,648129
212744156026664,711179
417851369329871,502228
1282868794546220,722469
1162223707791040,810353
1062162461588870,824694
771366429115410,1280617
754728171051631,1776798
1336346897927010,1029080
586083817643286,7999865
1022663734182960,813038
1140381605951940,821766
323656915483779,8839286
483805648827080,801662
739983527445530,7999865
824457721560063,817070
331608034466199,794493
313902970551590,7999865
1033016741815350,806680
665508527948929,8857286
1108703295700140,4743838
200082914330830,10356948
659558420188163,794493
234414873967446,800015
515080610636203,790927
318389749973666,794493
357188649599374,799996
667720901992717,799948
1075247900838050,977703
193489252141421,1066468
376169418754703,875333
615878927606974,660133
499534829684087,558477
691694873328667,649434
397282800290699,604120
988179798955999,1292031
174010197901023,1305120
919200547645620,1320736
950423307861493,1009841
197583966327377,1253659
1187795242837530,1172958
250418046020627,743848
389303635844451,753891
1022865424093510,1264329
240678219332531,1515181
757013409145229,1028680
1130278783635130,1370392
800600230878296,1131833
669562845941633,1324383
745278293329911,1332786
467909802444351,1641299
246693454473354,972537
307369901200866,780151
964524654290476,780151
803172433955457,761184
720467653125593,740085
409107925092641,626831
437409206208480,1427973
1427182334890460,4829843
692993064805774,1097773
1126940386511720,1111990
739999852665853,1585408
415582373170073,1022269
679955988790199,660021
224492807774789,1388239
884201192353463,1569374
749320697315037,787252
265334906783893,928560
1388119426885510,828507
1140525911435980,857158
315739945370627,767184
887119267004587,7593791
579190371251440,7748645
1015912392634470,850853
1040066712961240,776337
933235478092924,802890
1099831519854310,750817
848650760446637,1007665
1410468789252770,805500
920347290700479,826167
747010472706613,954781
1126232125597990,742798
1238242781345870,741434
832103739471140,773905
965716009016970,806911
232740370891019,750817
1099197944720540,932417
513931258463823,750817
225568332847493,800000
180531589724200,799959
930570298948844,804264
791403685011343,1167089
370491877738034,743886
1233894030358980,912521
527456100317419,678400
884517020920059,1389191
969679060840509,806011
1117964100396130,762796
268281218450180,1401299
693175662990377,702192
526493216843229,865737
1134682376575970,688161
1030043073092530,982560
588546734660354,661081
269514195267024,787077
1263593244513160,741509
351880420134711,1076978
631004222264513,1218615
1349556168184870,1539781
350663546974220,1253097
231168971323909,1487245
802518429297403,1538760
420123123048086,1190265
609120855920660,1200902
452085589541404,1405024
1257903108624050,1017776
1249693338817780,1016824
254654329976627,928591
1075465406003500,8105104
1216074309567200,1103344
709056894478147,785391
918893935147366,828084
840091074046584,1470446
1293553618351070,845474
931762470183951,1879105
719498355012444,794038
836447867901601,1444202
1359357840982400,1044746
352758717944496,821938
523201035906763,872542
1196274028797810,805931
532354753079273,2329428
226783664272834,520328
1085582712417220,1278598
926557862791094,719181
1250231280757760,1656886
1329108168894470,707924
865680107264704,1154550
1270261337053080,1157474
203161791490619,752884
916623625807654,870234
737360399812163,905273
725105962872354,1527144
657349490664446,649918
1241558346233100,778011
152389022019101,1507331
313815145746737,718295
366967746168079,535309
628230492146714,1586102
367746377375423,1029748
441612079559004,742722
343671832607299,1261007
279637616928739,943527
210826891103999,1136478
1235518634880980,1166960
939007546146157,1158054
744712662401100,1152993
416085471807930,1091109
830322722307179,1158054
568171866229160,1018110
258404826023924,1159856
814361769556039,970476
258191371497371,1110214
1270610507885670,976761
693456455604556,1088615
267044929267411,1124135
957024893804314,1057989
1188715178495340,969390
485058877250854,1116123
1211930596870340,996005
1240163026486060,1119210
1289878474909180,1124990
431237986635177,1159423
1257798861637380,1129635
143360299794509,1176427
1271434380939860,1102929
966520845179810,730692
1252765350916210,985301
990765329748417,833545
355014222108203,1147257
787995250926664,691772
1425456066081250,1015046
1168712367728720,1144321
1109637802694020,896102
516631626697663,731596
929501592228067,673100
832833495911154,665491
268475937977946,858054
1368340544582340,621654
585065391693997,967446
491924137219789,1593144
1400748617288480,1876687
246207224197774,816557
1199134032006980,612302
890934235420667,960837
910526488162113,984033
863588087275153,996783
946810789610184,2037118
378765507888343,1566140
1131747675445220,631534
826849368468939,1029522
158183143666364,921796
355718145727931,869099
1281167811315980,657235
1137001498426660,1048336
1331706604096500,1094438
287893413592666,956625
1133568618248100,702716
668125296088541,814705
472497979490253,1181535
191095131396371,953897
461104643262200,747371
167805996900304,716401
976663522589837,852317
1375906540491200,839330
372960237303304,1330420
711369533265720,830676
1204883898270770,1367293
403949134535176,1030410
675626388843430,864878
693960734081687,1039549
1051903607197160,1091544
610046484284619,1009461
748609952361830,980946
640099108486316,1640887
1026678044449750,1024509
642377991168260,965056
543346028692807,1039954
202673845124299,1608431
1371820038784500,1360505
1245245495332760,1633675
1306500475465540,699604
1052017293266180,1138234
1074160779478120,583690
651908884398074,539574
766780001260633,1738189
1353007234545280,1055144
281126132952269,683528
349510733476346,841579
1087668834491820,2357129
1301594196857400,1156754
160323693732629,938772
442016893958204,745929
850056394687599,676325
456887670186584,1289775
1202510334732830,1037324
1287667775108400,760922
877427513913516,958204
1055117889227620,559935
938227042431817,500029
734535330236510,1165062
977627607636349,997135
748639786639691,1304702
541551217000306,1039405
915732121158219,1264908
966108154109056,1519790
944905652630400,941316
300443302100829,814284
1199482163548450,1209358
1150853388999490,656561
688904519288001,840084
276523907350464,7893425
161139367256133,1381996
1413429040722150,615499
972678532430257,3300214
882206734752749,1281157
689165104813199,1909257
930296473349100,885945
507807484661531,959195
871684546280637,1009505
1218036426669430,1243452
783043049979851,905486
790032165852620,899775
350708278418060,874606
925700103318790,998959
1177972641326870,998701
500277008631200,877701
927393267297300,868551
835277508782990,961037
886075308648397,768088
168931614126337,860296
669021873414816,867404
263091523413483,975672
208867022061341,1019341
182103609902284,1170984
729180088159121,613652
346413229216157,734363
532702829194310,1287126
276503985767067,1016079
464962363173561,646590
1256421121188480,906671
556143381361597,533175
931068781484883,870137
567598842901854,784277
983052615372550,1192280
1137513360181030,1290655
897031867998957,776130
1270720850964720,796439
574530871443521,1376031
915909108169353,1849874
918849349899524,1161616
654452622171577,849980
350429259837440,798680
356043377364364,1086381
1172418823136370,1101374
418361992760656,623883
1091371175730660,691269
1351451219755180,752125
240290159785149,877716
578074415713323,1011544
888962328707991,1443396
1417381237338820,918433
574788800272907,763566
1362689656949640,651943
221873272207351,799219
1060520766989090,940610
1144322535845900,846665
148147968979004,910057
465261380519586,679183
1131209249416030,1459941
708766242742354,1332386
1109401492330710,781209
1167750284214370,691376
783336957630621,720368
211757503035729,1306832
515100924910691,889423
947776044953053,1341031
300952826552420,808115
1306948828213190,836049
1202809921536340,1181918
513235136865527,780875
501428540668476,786944
293726617844857,806382
401131355272134,1181918
207307353277721,988478
1143633028379960,8924758
358911841904644,1144574
277788015865130,802922
1060205802306070,1181918
308485656748674,1200006
1222981744690050,802922
891904664429654,712238
1399208103865730,1200006
1365089806517070,1150214
1129327367149200,1031014
655481134101754,799726
1068632394838630,752640
636080184094960,770676
671860150633723,1200006
512622620103601,802922
1187333710394550,718072
1033822743551770,1181918
503051235465849,997466
887469463047421,977684
279985913136107,498235
150132173756479,1134655
223782260179384,1377927
1275512006945300,1065387
386719592359284,536820
464662208750689,667282
539891038526113,1542540
1127188894467040,599939
1208971531328600,1357078
986188843539483,783001
1035923413069450,496297
766253715078329,481513
1177048807000060,735315
272543659085269,650262
744806418540689,717676
1264626390331290,665185
307320300213673,560379
770545696396364,2320943
615032831125180,645610
371344622122049,628848
1215784347637030,671722
1031706253532500,743978
1000333435825650,909809
682177269851846,619220
471464105733194,743182
1099943015689530,1003508
346404110058224,851470
446473599778326,865822
241158725844414,1174326
716027048613467,1340645
848575764357464,643868
190620371408296,786870
1366369833230510,979560
894991052658316,1702800
552144881529074,1300201
1141239971741350,1947673
1060793385526910,1848967
973891992882147,2972362
197265775338961,1063671
739354765091490,834566
1314408978786860,1901842
944849641954050,1691738
156359791967823,1677039
517930856085607,702327
155788598221261,591075
1312611189176360,570680
451914074229937,829651
1413583142894000,620844
466784561533767,695657
497110439840097,649765
549087040152073,1650353
1419893950611190,1078409
1371603528828120,1069587
691703868112536,1036711
1316050288392790,695550
318741305055387,731979
344735318594809,917631
1114286525000960,509774
1012367253988460,813589
864809344027761,839106
522913290353353,8074294
1024189074815190,554850
1167141278690030,797743
613547563651603,729988
556690220012336,864646
216250074884329,789759
292688663190530,601401
363471704881176,674832
831332988675693,610571
1249821734312900,1041930
229403428702213,1257511
1115682914323600,763200
317028470721849,1067337
822914889120900,1189095
1260466117198550,663178
783959624645199,898549
1255875993502730,1092849
423687542425669,1068062
905752816309083,1027704
609592286391459,989817
369686139218457,1411276
1045791854345500,1012810
1402134438679010,1018346
1140264737898430,762118
360607071785880,800864
551834776684624,1129580
322352314990324,953865
822977855370674,1150127
276881520263794,1184966
1404891978088200,788635
501115725381063,1546284
641743766358420,1224596
718643023160290,669633
565537130690179,916798
1320628684912530,700884
178413496012280,458539
1374023220471740,618913
1122925256714290,818833
1062926703981430,829271
838101657193810,1238372
459013459511040,801562
222311089880784,768856
1110263624181700,856513
248396555196979,2259858
919766692804846,1512587
284111187438920,1051690
479568178312869,729664
563208089014604,851069
594000289850261,906785
178785366618109,1244865
1141941586913750,1001683
1245894088992980,672106
407893694389944,1103144
1159917302645710,1027396
700860791956131,1119227
296205142857797,1133538
280168143680636,1001040
983179170837850,1001286
886326671148993,902488
856779854235409,940229
156078831678666,1048396
762725192774527,541391
1009127925283710,575919
1398095455894890,581925
851960047309153,1125713
944609430586944,972163
1028039832649160,495840
242813258331561,500210
502094131519264,783883
629513937270680,607546
611684985463919,756510
732165268523510,1036567
502569707586001,1162902
621880757038189,1168701
820551504692166,1368322
258008096563461,919010
968350970932519,1233449
192228735981854,1032956
180114448105481,991530
1165045433443440,863714
1409529406901140,1030532
977695121463756,1123014
1173689968758780,1183352
155160608821521,1107119
920412661941653,935502
1084790080972570,1107342
603323202496271,1348744
997645440906481,847346
901508486347796,1056131
600247063870204,1058212
979005319999286,789251
1395717155340100,789914
354278648701551,957630
1274561138594660,997081
1029597852571060,908165
953296012887027,1389362
1159757117520460,905913
1125436264911000,1348235
145025056071286,1042247
739056216187680,888056
818331920462609,1129681
945544433153364,789553
247145313152469,1415084
445605005854456,772033
785990492147079,997081
528103668236420,679021
1101858670208660,689359
1405200266421510,741579
646726414917231,724419
1251609799151700,801037
990478545513001,715736
1271532207229060,895770
1398742379357000,861480
987736626114263,669084
712825273321884,754402
331907010938244,872345
661236951832620,814424
880904177245256,1084407
295681282895743,1580955
411219608221787,1006544
414058209689986,1017994
1239837108498170,1051170
1098305449534680,713716
329970172064557,761846
376880243637001,873021
433157425630204,841668
739157316855053,618805
1159122385217290,591955
828300992300610,851543
436670366633997,679592
417204042975574,661634
435917324717667,643869
319383812595423,467354
573464658587326,876032
992635739040099,1419227
493948639135591,1210812
1351805092826840,767493
1112971187488790,1162175
1240497193221130,700001
768019869774881,1525904
850255521289899,792643
530528227823279,1205965
791229036422034,1201179
1211863002886110,1198603
273001789955956,1140468
1293486630599490,1372145
1411424391755910,771187
1090673398669080,753734
418187816887171,1199925
596030848119477,773622
1180559643216680,1427716
901429813383496,1361917
1259367506572010,700001
579414939027314,1113042
1022178989758030,750052
538161766731706,1276678
222895802534703,997840
1213003341635710,758769
310504278405889,722469
233790524382660,1216889
588269306078496,779819
373209534594027,929833
409720830277760,1112132
1160826286004170,1199925
772660361236589,846159
280958257103056,711349
554759705264811,752905
803333651922169,1236974
528547970994204,752955
1145420390222060,805177
1120000460685270,917554
1224511692997440,691647
1255548882710600,869641
720896079133923,755301
1385854630696780,1004129
1283259208888970,841404
989928204507341,979958
609261138550767,872730
1217920576560950,1011502
931748800567091,703613
628732343269123,1027101
1310769276123470,810367
676293051348076,989075
920025242247746,792943
712522109112533,1103456
1160077429388450,612691
558239794253941,702123
1423839035712920,1570949
376477050923790,1321159
961274095058107,1565262
967349933432924,1077606
510366268433416,1328424
167784339953036,1196975
929035176793221,1354084
919065524597297,1135843
1395407919548570,1481274
1154808482247290,773336
893294039723169,766523
385443961911490,980147
592368653797980,993772
324634255834564,773336
698111855071186,786726
1146502577201240,666010
745220597811166,786726
647151562011856,1169980
743908871742911,804257
653480015455277,827557
979951275027503,703413
259518663992566,1481648
154145899253780,2247510
329660556213424,2424515
668860031790781,1356858
485321800782119,1167900
1247073594347600,485765
1136990831982860,1380612
166702456858004,495969
943694641398990,1064094
158499383487353,490108
171329639005006,1091719
1093339265647580,1096812
1272082871694130,500559
293534633560294,1122624
1112539611050350,511843
158182203548469,677402
1024279404344590,635204
550598528583223,887753
424010807788499,743443
414191223517970,726533
1311099612561030,638752
1071934495071290,1019434
1155746239766830,941194
317539132547657,690049
643597014056721,1656935
608525368930826,1103655
1122453930420350,1089323
435714769232774,1041085
596199356975919,811937
963360290655497,791775
445145673940679,545256
1016014550201740,623120
1327404861310270,925981
1202876756308250,928772
1008582951125700,1296580
680708363880641,873633
269821574237187,1336433
768875823597920,1316153
1356454800382880,810165
340486785473613,1275972
1248803649783470,916980
1227155397266850,946509
279551185686359,651073
1365983771756550,818570
1296018614833140,948032
1387678275951270,838199
534224577070507,573402
845006326515007,1108141
356607608399190,979567
320614408031089,760536
334478868165924,817116
1322244252331220,2839333
824728361536416,857632
821406942811267,1001231
455542739096110,709347
589067853343894,1055153
249140997575946,791819
1318683479812970,931755
341830406064891,642961
1293327709624420,1063657
1349724387214580,785703
484096915985353,851136
445984382038056,728016
1206541724103350,785096
613523747625193,615896
497891680922369,661394
1118462116588120,551449
466124810597364,661394
330035131570989,564771
1101891388140750,709187
1294698186622250,560723
612170528470889,709187
1282758743403180,781506
1220744024414060,581253
520437815590586,645508
165299385852533,805172
223638260493906,661378
883537721190721,661394
344242161705679,673372
823295816350237,665882
1161546701734140,574546
833898086531683,709187
1334462326661170,551449
761919236450567,574546
1232111134636220,650195
941023367925063,581253
299657882275346,1205042
1182485702473660,963939
281463991773873,906297
627539345094887,656923
715323041653763,928512
788255472308479,978557
808373089024021,962688
1137482521595410,1175109
702312628818731,831302
984701895398960,708497
450418433716594,1159997
1115870991103760,1496676
493788597334449,958495
1202798371399710,966513
1122203630273810,995230
1234942312989270,748943
390571819523120,1225146
1259106048295630,795788
176831154548281,460942
459009713719559,1065988
569649933482803,1542252
1267163405645860,1553389
1203275566625380,783750
993845454402531,763962
1211446762279560,1073936
482692507312227,693686
936743344351601,8556000
963613542908120,800579
384797968683621,809820
1349522902660970,624102
1352333483601670,649807
559063621861224,842346
930720836405140,719334
1414499408990000,622925
210153280516793,743134
1233274661790130,665107
539465974388101,905364
1059859970112510,1441114
831822006517261,928125
916356977664704,1303796
789672412854393,1388761
425892821081929,1101456
932793653846297,1202892
1187352256219840,1149270
694430150566389,1088737
286819138327287,1314411
1126650399334970,1209336
160633359935673,852844
475707598427217,586510
846938566769490,671521
1390999527248820,641618
1240758039828270,565448
1125853019481550,695165
1405192219442980,1072167
187312960846079,746792
1235768081777500,1194274
1162276445184860,806748
1238588163608640,962421
205728385234616,1187755
465639720386249,894773
1256087538806810,933193
563822801034787,918363
409203235399091,1045547
1115374685838080,1180475
219267013848137,1053584
366361292479683,1595386
490553399593304,775240
658811562523553,1151667
964675152540274,2017676
524951732032716,1152473
795072660428046,1476284
404910830357570,1561454
420459931088289,500379
1008907364834250,1036645
819919777389239,1498068
1306220520369010,1194661
1207537564982400,960052
1126417713924180,1340867
735873089295651,921578
300998849924080,945116
1318490590069030,679479
995216965982436,502313
292744354529067,686803
986626979818124,1492259
392222168713330,1016874
160682491871447,744950
324774265374929,1058212
757773156631896,1253359
379727016749006,1314128
1009279438188210,1066759
659124019220350,837418
381827107258116,1437424
764326241534240,801033
1223893064943820,1226874
964651162782140,5922410
1199953574278550,932643
482821204118900,1324873
326771872852811,693486
715018847000947,746984
1160317069973380,711707
1333757340703340,1045302
532990479732126,799043
1375442036868840,810957
1031536811800210,804721
784676783546946,1296349
151859091418537,1047052
323392679628374,717014
1017184452909090,1374768
1046616214438210,1047052
866712084729220,929814
1286630323594090,1312952
786761878234893,1047052
885424543932480,748518
436385284772083,812766
877984424112284,1534605
1267239828594250,826928
939753394217124,808399
700246189750340,694903
516816165239136,999044
763585834964353,898390
462970586109621,1447519
1048739405039930,821792
498497909568760,759561
1174307759501130,1086207
851136511470987,1362719
883788522625084,783199
1145679057848230,1453047
718149809562839,1580871
246375615051824,769195
736469783461627,796330
950484472840267,1350399
633821745083621,1075706
788379817045184,1629325
849219095613590,1301222
1269611402739490,1048907
1331009693405710,990803
727092049368089,729253
816037599021506,586393
1051061083636350,1113897
657549978357491,749869
584797981928211,534849
609196848568683,1124655
1105268119134850,896025
1042543424118210,1139771
242878417496521,927972
707244731119684,571516
816793053986601,967469
1170011558537910,1020845
476053578177906,939825
187030925730701,49655477
157256854679566,879565
1398035578491710,1683489
1360271095348610,701532
706406913595740,701375
501982757946563,1722731
729838759727110,799503
878193171120607,655975
1135831668997570,627999
608206000977487,653941
251589584527839,756880
306543337239376,579606
713921549237840,1171309
204841440569829,1159801
299298399282376,1160554
217771423385150,848394
1317204149793970,915860
1383741316132570,968932
1251035493814590,1042247
1129871443355090,1029649
1094023473425430,949736
1169127034683970,842410
842572295185571,919931
259443506100934,930830
442698351753394,975259
532022084183970,2390170
1364372291919760,1180160
964749795369380,1244468
1092884665560320,1496946
818578874464731,1595163
629165200718427,1595163
862578990694811,1031903
516055889438883,767601
921118968705919,1003657
624156650446119,931731
904068295410599,1441203
464675539141507,1586222
844510705312180,1139151
1266727563642360,2077517
1143514900580090,734871
1158358134993860,1067403
1041357257722390,1215113
547403618751669,2896909
329332104427607,3507919
1059090442521630,1293632
157581679881331,786871
301249099722220,1120917
913486928945367,3438992
227405254399667,1172493
724280232523223,1325980
1354921547483980,557509
1187759087944750,1232397
1177172794493850,944677
677912832617640,1030221
230011689063390,2405554
1055881057009430,2334379
728763044859659,1482597
803023632716591,657123
183571538785881,1059333
850666779637524,768865
811368966992891,1203501
700867291134646,797511
1253945747221070,763410
438286004546671,733665
1170709984222040,514900
378875592555874,573798
686515795364689,645233
1098667413085620,799111
314688004287631,800791
711787602218027,869567
489733378419327,1314035
552475984166197,640303
502095134687903,7314375
1144830160929850,791182
405378659296404,999004
727919678975656,985509
158828707669160,1065962
1085531362061580,749893
814947855705284,506429
1173104920644870,653100
699092280459246,872033
223214695299371,916012
300367512038490,924858
460648059186094,1209599
886815162171291,1502436
842505184401530,916011
167346142370050,782635
1008226003896110,734974
685541597568459,742180
1172665078822820,1022226
518478300720281,994693
199401201412467,1029047
1409325869659900,863707
458462476224543,1631944
1140443757926540,1678030
586060482310064,1723670
563696544847419,881088
638293738695496,691152
154537478826256,711817
289316353066794,1729868
1038088574702300,1222687
442403585376037,1111767
257158405343906,854315
745089664390493,1794749
931170659093681,695863
576946123727750,716527
1021281507244610,917359
1211432448404110,939426
548663364169439,981001
506188636518943,1454339
1337792638933000,738294
1195006997356520,731720
152827270292991,676210
716054406379109,25809424
216959222465633,661360
448505044675667,630248
1246167197732630,771839
702478121526021,857960
836709238484317,1834694
1120791857851870,1643577
776714705066813,833085
1352840917576710,1978492
739048928575103,795041
1065935547995540,1074195
809691278281373,745732
997434702706076,1187902
540575407323700,907770
1126976807579520,804205
1277220461676680,759961
1012863841759030,1162421
205316099535190,1021535
1417925936578710,1135522
865705740201551,812151
670741832031243,941096
1039801979264610,918744
156329429389149,2055500
681621223093097,1811013
1255136725542160,1882443
559467090915784,720546
795243512364964,837615
1037997814619670,1204694
298984724537679,775500
1275264722376540,796624
176930664783446,736998
1094144838484340,1675860
710909077177830,724117
459182417737554,731631
1027720486003870,673394
415666818418911,792844
1312120682544960,909925
1050300550149420,732564
535740187373946,706337
1239724830859020,667210
1061703413874810,793129
589493014181986,1118923
673346649567144,727341
303699266867110,612929
1208632000514810,684903
1309466772305710,743714
463767657687904,515800
1191892377005840,567729
170056026065550,910208
507319594331527,888028
1319971450015150,1118157
876315419889439,880673
912849164022421,17873578
1259172576351300,1309034
1069459181045230,980571
293268548022863,1637912
244802287537279,1145495
876683220130287,917471
712670142893934,803721
1076049546562370,910733
559914221267661,1005894
830556277904593,735500
768108796532467,675388
266534777538334,1118778
584870562755143,784778
1372732490184660,680668
488087915156460,1095200
932644880260049,711679
1302593665162420,1180907
692513459338193,1127398
630288731502020,875342
1020244165362020,740072
236995050459579,827629
1032267704142320,652433
468915885871541,1223500
1257552036009660,1977153
959975303627513,612309
945154186226876,614533
857400559240371,628210
214203481375184,688665
955142217778914,838408
1255710453081330,792092
237179381625477,783602
402502541302140,631751
1145640780986430,839248
832522718246741,833622
772645401454666,805318
246461843046237,1124446
1195068060535190,549431
1337649110792280,1037323
287423047396163,1278180
1008644307448850,1403042
948981847801499,556488
774163536749703,1169512
750548204410581,919608
538810210574883,1170212
1325866621199780,1161346
1262506163371030,1147024
997435155937671,852136
1088210208757300,1164893
738639591591340,1361874
408728853935734,872038
314868848025620,749195
966894144539056,1037616
1270054986486790,551740
907249360643250,892827
1159793827498350,2328461
1400001193277860,685154
1362004090548630,1006485
1412632330543150,720000
1075436192360580,676343
733058692662730,686515
639161186823061,681716
724396868820537,1036754
1023824659823590,637048
860774610022104,1437333
1333311142921800,1106221
494176503522591,994582
832575976916941,764391
826370208822440,516769
1178469149874440,1093732
1106267038289600,2455713
1330085839083990,657849
603575641940300,720587
1003630909587600,1610615
903610289414690,1805239
893504984974624,1788183
305736810028010,683833
950294015325144,673061
564990513207713,599661
146802218035416,645227
1153381784776280,750196
1114360293326530,724173
572740066824850,1163434
999438400949913,1134102
681793077572806,1603028
308227551687930,869999
622888055642450,1020636
586676441764017,903053
170248596378056,794506
325494998635046,1617770
720824996656587,1399589
236352973499240,1397237
1155958902219100,729838
708431183107800,5839273
235190659453636,5850428
696523945754094,958973
833401738502447,1302877
606623220428367,875053
871805640534373,900852
251217123210761,928580
678614921503747,664004
707387213673273,1050011
607658250482973,841772
590879527103666,1492350
203071201054526,1084312
1149690149642140,1168931
1047956715396030,906591
1040832448137980,737256
234389190185703,722221
650468970059836,556594
1173815834546090,675939
219049127364263,2441571
312321689506920,1202370
1202956000937820,1397491
956823432886016,1938540
1070526209033490,1520997
366132957423896,1660611
628253788380807,1116647
1168849562919090,1036231
281236289025557,1180368
788969062636226,1017938
779476241997040,1273482
1075267075693300,1344159
442996234134489,633977
523490114429533,532465
643163914115979,1298735
592181909366331,752371
385246114300204,919450
1164915560644660,1594580
245861576105990,1613554
804832012487591,1160220
493199644695993,547769
1303114699076920,757947
627058931909093,753933
288955908410810,1374094
800646556401670,1418367
1262571816088810,654327
776250476793164,822748
1104177502597870,815204
877073267850959,801035
1276261495483650,1055485
793334393166211,1403263
1396186339560510,934686
812631774044521,1085882
179756690132546,696079
910069322122270,787858
1230433595193170,1107084
297519455650699,1012652
212130562154864,1107066
575970158384964,848651
226001737537294,1160407
247551883676024,1123958
817950604615817,1103541
286128715489963,922123
433087534132996,909315
1066788308544650,767630
1403405300709900,930263
433510323818004,1014570
1309510257148180,1072300
625798980168506,1184211
832937990554594,978403
528945350407236,993247
419626598634186,668648
1032905782757490,1290138
211122389161167,719629
593052098792644,1309806
1229920189103310,776322
868297012475763,1092651
1209890472395350,818688
1256660591176340,710440
381139079090277,734043
956068678982460,734510
897618459871236,1354714
608465638212783,1205781
1176795382340380,979927
599327139450399,998266
643579094982799,892013
1176188057598750,864926
492853080455316,772923
1168895275488330,779915
380853295396330,761416
339020544766837,1547675
575555416876894,987139
387022118007676,1042175
1184412591252600,630115
717164948292761,703866
173036145813250,669653
233052499377567,1105492
623938452930210,650629
287477770952199,1106744
632207271956484,1042281
1073421357598740,1075972
909955036716063,644755
547424317023507,764081
1082928199935820,996082
295258435882063,781346
1252230194254440,775228
894907615717554,783702
867499886046796,768997
810819268593907,775228
793545967518756,585486
1248475959267790,2208108
524943895908636,1269362
497094559444529,549832
1419909774130020,642210
1269733571869970,655474
1000851965406560,729626
775008862661274,651057
982868381069034,741897
894465785843581,762423
473489521865670,537781
785356296868627,570055
1383830518752490,825524
1002045773976200,1241738
765609506684913,749348
1234943314169500,1559248
634543984359104,1121476
548390422831803,1848283
1387486858525410,1290286
1374297733835490,1506118
525281625188103,906639
404764609942831,853097
1223424050631120,568786
376232000557073,606387
834200284015130,714903
262762860173397,637961
460935559850183,554147
1172676624842040,987873
873737983712876,735038
261435744115549,912683
972306696638331,672565
316818057162209,917629
995842415427687,824464
764876198925580,538583
931711066930737,570064
751393049405344,665802
577910007760451,650839
1409306601823840,1693860
940018851635744,1730936
163167918230523,705698
1233746964548340,786295
758486771050154,886566
627199920781196,800834
640375459560290,734147
857169768447009,702485
264203507245189,708038
767644351843613,870681
1276143807940610,734147
412814414793874,759515
1061125885424220,795231
1161940100308790,821220
582421562953744,726651
720161919936770,1460803
250354006662764,1644643
736529216879591,1824103
843811860315383,992356
1238298014548150,978967
576656073777761,504089
639650568620461,717135
218942429699697,928476
921480731025569,1114845
869506592972749,910440
852658789160747,841746
473756374131174,498753
1103019726788010,1300374
814031977425334,977234
927950858738051,1714900
910954052298339,617507
686834884570397,611466
241747214357196,749762
902306178932839,765174
1380154545048840,749058
955367740700109,749058
1323886791419810,1142783
308887287782020,716216
332401293529413,681172
979973625846579,763366
1039152115200830,763366
1348574245556990,1444286
1132016799159780,777281
430448280329496,803093
275100068914990,809928
895131862440097,800208
1304970343343980,829220
272420914229349,817353
150113652053333,796567
388585425441583,786779
531573065073294,839728
1076090356625620,1535387
907853843892374,1809370
1177539085297210,4379625
492771353444624,3194756
208414650171344,2211897
540900812842750,1191167
757787677796531,956877
949344502208027,793741
600108538767896,1159624
163539620996304,1051886
1026322481577770,1029660
703506055322921,1246406
660822657589086,792237
1260958214703140,1277876
506052737959003,756820
322885169879496,762881
896284289691066,750738
1374866545132150,945476
684577684779679,669771
1294906021587140,553842
625443855352196,685617
689640049702609,745437
714753873792549,773031
818070746414444,696882
415605260943180,1745620
1171196445400620,1167401
710708485733411,633038
1050590812103370,1109906
999122795161123,1260279
697591225800297,557602
641873732533573,829074
814626148295287,616812
1402882295765410,500700
1121771223294020,761683
843452443090013,897337
277375206237927,1177147
282416868681449,924110
891896038660594,1662356
772292751990040,721333
1196314656308610,841045
926721277564309,609961
1365407678171490,971156
1222249048890570,918249
421819580017196,634288
385267365466970,813802
819865672901403,885767
450383125346001,634208
1034982753738090,590325
775660258358404,640962
861518425621854,588004
1140046487203970,618686
363135629637311,705727
957199147358077,652623
668825450997573,995313
643745703741817,742230
340936964330429,734745
661872318269586,602802
461092005285359,629151
579758945609276,587762
162931498180076,610912
1371742240988910,691988
1270847335328070,695366
1058616069843520,1108457
203168862171201,721820
864929271871056,812658
551668615108833,774129
1348102341046180,1317320
379664116143841,622456
897872419097417,838773
1413794270681530,670031
1259084717255170,1166944
223359988019033,616745
1026968643666280,745589
1049710461108620,928025
508842921358379,510999
261728708554957,863494
1225594803527930,1279072
1017572681285920,1262265
201257690548059,2609086
866577066307139,1221591
345337965764869,1273150
491758581361386,1186284
300153690361724,1002621
299145047395096,1159721
199291932505599,786431
1353340820699390,752457
957166471475699,1811515
333426680168409,794849
302375198362516,736876
1243437616899620,729718
1354536514763120,742303
950261694200159,729951
1343074038624490,1459341
802567039081773,3555494
836243946216961,662905
1331645043594490,737860
1267500846066490,1288811
1175193896345190,690045
256588909651847,900808
1371946690713910,719751
1321250028935010,593680
409846751942267,670621
761813871132691,669514
228352683525349,1761325
578345309589467,1250653
851296611229119,614457
583509125459133,1479980
826854241572484,777135
1312436501260910,649299
236202557196600,1215648
663556797594556,782776
909685805032473,631454
269778263703510,780212
1305993755521040,627452
433540540292766,769702
479175379791220,928979
1225423466317170,725992
948739995648550,1534132
850344851545893,1007725
1371637564374010,1390371
143570062237300,708024
1303431203714270,638256
152938965686139,682379
712348587158379,1422356
747161825268517,1399951
171180967795907,933162
459214016454719,948165
1096484652378850,1192546
894868539856673,1051599
246422965510776,1055468
210830959103584,1166309
1001648959329050,1102407
844629097414077,15950559
1392169969775020,1473322
573082480252913,752784
1116054266441320,1471924
1405278239856660,1156221
1220894860981900,589168
228947656915159,891599
655283655805461,1024148
203316313633191,783390
1118695018591450,1193179
798963449785710,789938
1351391279704460,1078075
1104947630184280,1045507
644750084780561,851301
175373362393857,789757
1411965128719780,725062
1086529695027660,937420
768594339249176,734159
907144369966196,775598
1216234727921990,1188883
843391980230239,908508
316008897419087,1024148
769663329091871,781630
397233160057814,551901
613485223528384,2214755
191792932314006,562108
1211196735669590,661073
572607532629064,575151
1352707920010770,1153981
1405058225204450,750324
981530644534943,9278436
1079488203389480,789938
337985569729266,2064097
353846782649960,786085
1193683293547940,984687
656298690775567,787370
1113457832962520,593166
188167142017134,771661
559382615122934,1270367
163994638471501,736350
1253695715106750,806074
886451380220973,771829
286757418356841,705542
510323756170286,1092552
494249187645053,406694
983734613548323,467117
683715457519776,1084116
886267574705260,756250
796998817158356,7992164
543277428592064,843350
1235778942979600,737592
601795206391340,848058
554247609968167,1359106
909785447388246,673262
511045507858034,854686
174648065277920,639161
262862735240741,1067311
807419285654280,908993
1337235029658370,894226
516839507204304,721379
473444923646890,996017
1085486201981060,651072
1304318149152880,677821
1148309443933310,924204
426825065637227,953493
401178010361423,706993
679839012034607,599997
379343343527859,615540
1364345540278070,616734
1092395057695130,572844
1147455824305200,607436
686288538980484,930874
1390601249115270,772147
1183742973978350,854075
347891507307046,1124018
1365638607532500,1594119
156037296916657,1017307
1412914214188610,975197
726682775160100,1016781
1261606915543080,597938
930423321182094,844677
908037068819280,1625215
659997715173997,968556
758262658663207,955576
360465615704806,723703
665415477194286,949113
555695633106024,910023
1328117228499470,1023288
1337256556665740,1157112
781088621500243,1157333
259065040356344,783829
918134110675364,1548147
1227853365705830,1731986
1379726442667450,1616453
1157127251826180,1134509
648697413762956,1047630
1331023126151000,1036494
615386646131960,1360214
222644042582270,1384967
1318658033858960,1480134
464262821842664,1491368
1251182899277350,1159169
758156840336367,1367083
507817419888934,1399859
1333841223230610,964018
1132277452763920,896854
1290820804826880,785441
144618256051366,680606
1342971686409470,1093473
691004937462889,1282294
982205553372590,814909
276562162423054,1163966
1266258708122350,554013
1037926354482570,597833
846253023410263,658636
1087047144898980,971834
348845973921659,543887
1358716508844490,718462
1004500977539000,1152056
510251384710670,1033229
1401643268512470,616998
1091814734171530,1409932
176007307665606,1594943
380030100551379,609044
942765143176061,602392
148041919006099,1070372
1104397896399260,1150165
634890375190064,1580239
1025505025875980,979790
822564518107471,1106160
205133322612397,1476838
1097152347880240,1160094
252804833033749,775649
377827005868441,545044
1122302006232980,758498
658883850204461,777969
154041657169746,585768
647549688455730,844899
877351050448373,1951589
1285122685923890,1170750
287632629717190,862873
599290846597456,863234
1355062347131650,1217445
745320833278976,713754
928868848933077,1803960
650641764825129,670203
669538182316481,859854
1398132015297140,862463
1420911434595450,885408
570558644236359,958371
681782055990564,994085
1363103713300120,810894
853781681817753,587150
441445595197394,1164387
228152497565179,844089
309317055979900,662681
985404030582409,777759
585449470839276,827570
736515290080594,725695
204957925153681,753726
1254192574557690,906430
1314614275996130,799144
300813924580780,814910
222425069994850,741773
405293343436827,1098485
459136169344609,791093
1242072810938470,689313
1086627912252310,831285
1127395426499980,511610
1355823783267900,588076
1289025973816960,1454053
831826904304789,617571
1072742166254910,866218
700356574108100,1251721
357736141909021,1524949
1410152480507220,1259962
339824598909987,1524059
179925906807319,677499
1296467858995990,842989
758187118946433,788153
845710341412537,905194
1416062885350750,798305
532432510204916,840670
524632263074321,810250
243315752971614,806409
564137246565931,1077280
727538065289343,840148
923977744455924,1380832
805438751489209,791987
361898219153477,815075
331006033967321,671352
843014978454411,796128
1011615071565600,838259
919314722066403,834875
1222653520601380,657509
623165397802969,634502
171595397282807,920857
1419544026002560,593935
147294890251674,663460
1332989914597440,831979
1333407757002550,634502
1375381812295460,642230
775768445338347,945986
583892438403954,823942
240396059926964,787679
1085141953949920,750511
711917420980361,578280
623769963673810,1118746
1265671045081080,568257
206895428524400,516504
1363398978147390,583006
161310499134930,520958
651281500087960,600684
516261792017036,801675
1370709034768010,926912
146155046493389,945141
1139235668310930,551467
194589727974717,685771
250145259660761,709322
366017315765987,1585794
678371740095277,851624
849734469592307,712543
902026842524013,517774
1390160772594030,517774
464947332845767,760753
451381888283817,1220165
476479978200581,874123
1264414329395780,1001560
533568128091634,776777
906730301226017,1502017
172356791354116,572689
179862575009447,510862
1426531777222920,622028
476588835564357,587031
962731983415781,782565
828016974675281,989434
1426217165480110,2816379
187473124092959,2521631
398273614340576,1981538
1204935865855360,2129696
600301134610519,1113269
338524249552454,1305039
1050966823419620,568958
177002423915947,812395
1069912241619430,665207
996010165876106,645627
259602774781157,1056346
1392208053504820,630511
556158078396273,598256
1106843925329840,664475
982763301323610,763242
704249035619463,625134
476926319180391,693701
950266267685490,729767
589940309116359,920209
857344689889164,851300
1263851802826610,667843
602321561210784,1227879
1406345318487550,1154662
1401871626484390,1261352
752431756047154,1166948
1173986957344090,1162067
837893574588986,1168836
846963365155974,1168645
956588728456289,1155614
718358824237194,1227048
1365649309472780,1224071
975739522300870,2298793
545815979764643,1515379
1286939732957120,1237809
336263534970171,1166939
527976515291354,454222
385981148946424,1666773
753930489101986,923258
1378776922057780,775765
1361689928020910,932147
729389388648921,903342
1041420667606600,1091656
710048676014257,911716
304078014756701,1129514
834410766210039,1578854
867213306326886,902209
530242566750906,528421
1302033377910790,1795869
810629142084153,881602
1013404820991550,902385
1029319086775640,1092201
990363557603816,1153330
1081724378347840,1159345
1036878234149730,1050259
155436001452636,1164081
1412494604480290,934633
824504558006613,724502
1108069763509240,1224443
865014393928224,776550
1213271584230120,506263
175373789704809,627338
1032654088669810,908068
775507000153596,907663
533941620401777,1372073
834657694745120,978041
1302874037528000,985803
1150841526515350,740051
952028930639967,1193961
962748218231146,759608
267840444780133,657125
791166768039586,663128
540083025965039,1215783
1182801957525310,1050533
777256297618209,755888
840929411196850,844477
492018700199527,958591
949600855322040,839532
380189972206306,823469
1188887482291750,499500
660266395654497,809821
714321022969491,1108065
996233086731749,975763
580474083144197,734981
172531853967060,905486
1234726650893980,893199
468194238914723,841363
291219465192821,1376519
591244186437439,690158
1275725020819000,1035465
824787560505796,897481
691085384140209,856006
1269911868940190,1082167
1224056427692770,1070870
637592067402944,604294
1200794682096570,785012
818707425468431,636680
269443278787211,917209
155518403914367,778091
173311758059367,688382
388206260444747,981307
1371807255032740,733246
815974170779946,855471
1412984287268610,816761
1103479076189820,614662
539449119709711,513286
1280598308109750,738401
555161892019947,635221
966155430638080,1621281
1391208552282840,14890937
403495164017291,939691
700578767062657,741710
1417487079849080,956488
534439793783146,1364725
1231396642995060,1217639
455598654556500,752918
1115822741535350,762628
1325376279249180,695214
1390634880687840,912805
405865104189140,619871
873298763309461,1356304
252453999350747,1485869
1049594342313820,799094
969629694170997,822060
486053960984650,1227488
1273463866315780,775556
1197429699019580,671788
961884170306830,920953
821873946654467,1895067
936202222646610,950961
395636726491921,864635
1300698086045560,1385931
961681345490766,915403
536512334490256,987458
1388970000203150,655523
203272638868624,613576
484472603368136,599714
424621841353177,677843
910539561326760,1419528
168086088329207,1692628
332404237598697,848455
967593942152947,928431
243875074684920,648122
1251709010134630,975397
860245508867251,975640
1302005166098680,710546
858152708201329,866931
470797789944907,942095
278349596073403,729288
1243724711503130,842074
373688503021407,696648
1059100226241230,839927
996857621034377,591046
688643324392004,1027768
706166306467620,1457850
834710336580333,1242488
1268863554954610,856344
1283742258190290,1085860
1422282635400450,1042634
849773220355506,843673
207424048812174,9831680
994054450042759,865966
1384635061211020,943728
1260920298226200,878966
1005652146123940,1183563
283155360321494,922568
1164413508749480,2016392
268190959953343,1115753
1005317261448510,1611652
1416402730494800,1054390
1196922315223450,993147
1216329404474550,14865462
1251458759738200,1321589
440432387097136,1074678
1181028583377630,1113299
210839727861309,875290
562137223444974,906915
1039574387374900,1168491
1136042065335660,1166797
1427532785767070,1508562
979400613348839,983714
466050131168820,1103650
759023745977050,1162277
1297949215596860,993197
174851402380709,928905
1320971717635770,1026716
407698456756596,1054638
678394486844704,1365411
336544321833350,988975
962301020359839,1267907
585867379761679,981996
1098137188764750,924767
283132859136449,884868
1353038678804600,852897
873770229643243,921865
679687751016901,1647112
1081901997184860,1338194
1394812405849360,991128
677554877393231,1155323
156643908298796,845775
1310057941666000,1024257
557736139312836,1012937
496915676856561,846052
311046924378969,1081362
1408716603954690,819809
432597825864010,1024257
1190448471434570,719090
1319660380910970,573793
1279168596903920,866908
1208892758629290,822166
667265881405421,609463
1320670208232280,991736
1101616016965810,801424
1024403320139650,1054069
1046249679694570,916702
197245939240146,794872
479711041454089,798966
1257957293233170,679816
497067010908780,752089
701749749821094,778144
540334370602056,1031924
1393007842008600,797054
1260413798053370,679909
962175014923171,562119
353870710809534,831533
1050936196343570,675007
984591073749716,912955
1062468239515690,834353
775883343255053,543671
781740039801734,1101847
875587464160347,880564
259299437533944,687568
806472610410323,652272
981876026018356,914582
477053455614164,640978
383260478474843,633263
1180353270008920,728211
1230098907451240,1457645
1115501958229200,521089
1064359186399830,542755
1232872196005080,703431
804019733539300,909882
1263117468098350,846219
279714480328181,860599
621185885100300,872359
1069825247475080,772223
558776555638960,554543
1177108426258750,878957
466949590029069,795623
1366618245913780,665458
812945484852051,590301
334473830113196,698156
909860676677561,766819
586565449630966,641054
513561428573239,662597
733805711079719,659399
598344911727366,713919
675875427876154,923467
1360382564724930,780341
673300423430520,710949
933879726705404,670912
676538822165694,572628
599114000841787,675819
1391736263760340,598713
1207936334592020,967743
875251167935323,880567
1182480545900650,974420
475255050837446,1097613
1053001688071240,931686
805864924215169,931537
419037624222981,870271
763291239428517,857018
261180124722887,689859
737795530151677,714360
1140125353298400,773042
1047921744921610,781222
949406483866244,776734
293084403337460,752026
978089410046333,573956
215876075675334,1352821
777896628119833,1160675
501362776806403,1157176
1298811039113550,1160808
181459410089280,1746960
833233647152050,468479
983470181033921,701803
1025558831800900,805927
313424717244007,771345
424206713771851,1096715
746587566909417,636144
173840537893394,874093
197376264624486,1339316
455818864359564,793092
981706600177189,1199570
955349902799156,811608
993260324305141,943486
528675117775047,639050
982994117693484,1029849
1415378483890910,968843
1427345825656770,791645
803031912055646,930651
252904371573936,1216481
1275606122037110,934758
1079855827607090,1153502
1129908244006240,1020568
1070495087276660,734759
473104139017669,1123605
863745303367500,780048
792436458161827,1553451
160891289141440,1332824
752354225461437,1534797
738338343736147,1154880
1188759919080720,766778
760737003169186,1168776
271207625457837,900179
894587945211340,639775
912787460784980,712288
1065034007228880,675334
915378211720029,1175916
330889495478257,670094
776304141334644,785050
406361431378439,1405288
1039869833475760,1111248
1348188789877070,1002439
146472724919560,1717862
1134646148767690,1030867
696425265526681,639331
793182782965831,676981
644752801048783,1272372
1161052047387350,655698
679202000223326,1429685
632998622510496,796502
1098056942169200,687237
1249961996813560,752033
274906751236861,738432
911524051663280,878548
1010241967650690,788179
1306054626901130,1252268
1311098934567490,503508
1399179447809830,922074
159659764732127,817777
735044291442170,807384
1418072198517620,799956
862126551599596,868388
884314827258560,1750814
767015937735906,927561
603905334856344,657982
773852147471073,646701
1263366657415390,927548
621186865844320,2257843
906079787542556,719477
917330178324473,931217
790545513427516,789744
1284225957919730,751375
731611333165984,1205065
738944946282283,761501
632607391987847,878007
815261346327571,1135638
1101676168580120,1274332
616744999600629,715041
1038086313317470,736182
1373119999246720,718939
422733719159609,789744
264954765964471,1147571
222973636540593,753055
1276219244821860,730088
1346584457665670,716019
591320230895529,742717
875857761751716,706121
1316333929533110,776533
836249918796674,1253459
360307745557150,1013854
447233384594213,1210108
744825288516966,629586
952759944699233,1323462
565492612392659,1627955
501369901056257,683782
593205127352657,852966
325803511686434,846635
1078348469887450,773908
985475370492057,601914
1186348429787850,725277
1018301058261910,728205
600797608176130,1484812
503816220185009,619496
479406501369486,753868
374744079287490,662424
272281753569237,877268
1080329134069380,532385
1043264687809250,1193785
502566345386829,783481
147505594893807,1292977
875825255537711,986080
265310763031503,970631
961387901672070,1208090
985134907062247,676358
507429292614530,619522
1055134548756150,430734
968145070700551,428862
798701608050649,680913
357670252013334,641138
509075858845616,810760
871646500336334,573543
1058947125407310,1472141
847077174825204,1346911
371947504759863,587658
1406599968793690,2970870
482074010252340,3701756
692606995327000,3617254
666618440764509,877522
927870143403049,810282
497998300796277,1459584
1134223296696550,850313
772397819946119,715463
223184766538236,1073291
1306475276413930,850313
959876615109997,731269
501597269488689,850313
662899424097586,711685
311992651489359,787935
1364244566923390,846864
228438095994903,666999
1233403021425760,726834
1390311921398430,551477
164629186201004,934081
1289571460423960,885120
1369457301451140,890373
929147291052624,1234487
1418637290425530,606361
846556735142501,821519
916761013018150,1152627
666103165515377,1267745
812028992236480,1158714
774905826889921,1261310
272419764474931,990327
567838675111596,512090
582193157298501,604420
1174209377231650,877896
1238583265450370,754841
911740756218199,798123
376558460258966,929769
634362385504143,667192
746901145279890,812820
456815013190476,793270
867346401647517,818908
542721645205961,779201
243948194384476,563832
523177831548576,650724
1229129414302690,1008379
217522156123043,647272
784704736932861,983199
1243824653161810,777921
827949514017631,661701
201030528816239,1199772
1093632571121870,661701
298666336501400,3559060
467353376264160,797038
1235332874438190,565658
1249434602397910,829303
558476827424924,784104
933808461178353,567811
478514039819043,575041
1316360959970470,588426
1261360063933220,660117
226013323120037,886810
488284737092723,808758
945061293313109,968744
838398268654946,1074623
271558708365140,975760
360092328989686,907338
219182398966711,1265288
1255178954936900,1150477
1381102016163810,677276
1086461756018820,857535
670470917272621,842862
660087763071554,682439
556579078895481,700986
1101513555507890,858110
383365717238951,684991
202153852719383,652977
643355139790211,684426
420672181131450,807328
327122857662401,1145632
723287882895366,1437034
1205043288904880,1018859
994136039362223,797604
613952587376247,724544
661458054448641,1171841
1082644427774390,836454
630182883690304,1186097
1316053384161000,654999
941255668733681,450476
884789604341376,674194
1368572733328900,699980
473043586260807,458177
1155137633002070,796472
282653566061026,849101
834053264604597,1090647
1171592281366240,733848
285219334690920,754001
684548245103649,921678
1258017965335970,1217297
1378980539934740,904257
898844324295991,642137
209485494344050,779531
1252752223476600,1050876
693164588975920,1274552
306738249584444,773299
1406619955758740,692033
481979171778430,634309
1101080020958350,776052
886431789000790,877924
239255727025971,866245
829976718745411,880550
886062364413527,1074819
548346923343163,763644
324949003367953,674006
1217600350450590,1123809
988190204816307,753302
817387423136883,1231888
1173824486934750,1192924
639155021090620,1395145
603127342359721,1405076
884419427839770,541720
982473622904544,1035021
414976278857406,1311669
1031592375661620,1162014
1387396891006820,1160587
945036305936094,1160133
1395541393578240,585842
180311730597504,699149
1029350525456170,626590
870362805642749,984120
1065092117659780,995739
235604779953613,1017356
901791998364164,680479
889929861257360,851947
296987643462550,850153
1411651732228590,855823
229140297591631,871921
714375708090123,668485
789730687009691,651776
571762287956061,659340
438120916331657,812556
1025824015002880,799973
400215074539613,837165
1175455268542940,903654
539945250758817,1087774
885906978200694,709225
1141845280812920,624051
669614181278606,1023396
198122254932281,873874
704730344986504,1800840
1246889268806460,1321741
845036149479493,947302
681477293801659,1147221
1073631608834710,1147097
948416442589876,1161117
892320790955139,906543
330669186815814,630811
826481747123009,804558
240189301935181,921189
708653753411890,528240
502106213560364,695861
686391747811940,726148
1010918086823200,955520
672260386868744,973507
336181503511943,692227
1207785242875830,949787
1033364158085500,739274
203371714858449,969728
877374417108133,500477
1261876844667280,653141
1204432185064010,1015959
573883701892447,685043
186825293159977,596370
1213822618535090,613034
1395556725914540,1102920
420608601498723,1107133
1181668936942000,769874
1189500320223780,1091705
493643831632760,953180
1360441835412300,1048737
803826490224226,678822
275775693709720,695661
158568939086974,677525
817965399710737,665158
497218617812216,723518
731901973001809,690854
277937894897146,698937
349865891664189,9702245
161811607959196,2918135
913547555404603,599444
1094937835477710,1661925
407212199433381,1549852
1142108262971900,1113715
1197897754167790,899142
749779139877983,716008
344145780710009,967960
1339443900797130,1116898
430008254856787,1417094
826957723873343,1131510
318402112099606,1211970
1080594460232530,964338
560052654161624,1263446
1274119246442910,975516
752068999030853,967016
1168712975165490,765478
448250450351226,992963
439326496171760,1060596
452135557923861,1361738
1048814481456180,1087835
268882185543917,803885
788690976463756,922022
972403180622530,832720
1351885402511460,885244
540308826404906,819154
988063896532700,924896
765856090147206,945180
1111837465171580,1374642
1109265256628980,851705
506445267557217,985220
1072418942156670,664918
321231239891554,878517
1411750011447930,638025
600271644190697,2277572
599899460004824,1466649
1030821984553220,361884
767959575170943,957606
410343055047759,709737
966544423564050,1557060
945647311629953,948188
496988323522146,1741117
671963643650447,639665
1222392152682410,993103
1156794289398600,756970
530325206697541,863614
495600225617337,757003
1137491182176970,637748
944793547585716,589805
276999934992809,980330
671268767887230,1146078
1072287399795010,667079
1098621021816850,773378
1137046160789860,1311630
154034077622820,824948
706068723330167,1651431
365914362949656,1111380
823299410885583,1019935
1013161182285600,970823
694680279088359,1893513
1146941642504640,1439486
958105287852353,919099
441729633795180,2246579
387332720545304,1645340
602636866133734,1311630
385732895842661,1027732
189007512101163,601440
1078619195738230,1246642
756193907288470,769495
372875543671067,502863
423227269615161,653755
1037981312229970,954530
817442089396431,7169646
377715935049514,747054
652349236218779,624679
990929774302063,722996
519957268989430,906445
292412787741413,829830
1087117789540940,1208171
878656018275280,1022032
1102422861203110,1204663
693660312236884,850409
845674946360070,9767008
316830208110976,740524
551287813934280,766739
1126710704717210,602812
960007190674326,836220
687249954219997,598066
434185455226556,846994
811341905109729,782566
682502528279090,782314
1109559596519820,798219
374039966935403,774895
757898802160701,10320887
1099467325943600,851172
778280841188040,736155
1318956677774120,1037245
1260613902617280,571628
227548067125921,570794
217769665158837,701450
1318034825083090,1616967
1160687441392670,829465
935013906237336,890581
771621325070257,889962
802164220554707,805660
1223491068005700,629004
935545821159359,756426
883027290071704,702175
445611949107371,561892
731338063265357,825662
1013348112754110,753556
